CREATE DATABASE  IF NOT EXISTS `FURSCAN` /*!40100 DEFAULT CHARACTER SET utf8mb4 COLLATE utf8mb4_0900_ai_ci */ /*!80016 DEFAULT ENCRYPTION='N' */;
USE `FURSCAN`;
-- MySQL dump 10.13  Distrib 8.0.34, for macos13 (arm64)
--
-- Host: furscan-project-1.cirqdoltkjgp.us-east-1.rds.amazonaws.com    Database: FURSCAN
-- ------------------------------------------------------
-- Server version	8.0.33

/*!40101 SET @OLD_CHARACTER_SET_CLIENT=@@CHARACTER_SET_CLIENT */;
/*!40101 SET @OLD_CHARACTER_SET_RESULTS=@@CHARACTER_SET_RESULTS */;
/*!40101 SET @OLD_COLLATION_CONNECTION=@@COLLATION_CONNECTION */;
/*!50503 SET NAMES utf8 */;
/*!40103 SET @OLD_TIME_ZONE=@@TIME_ZONE */;
/*!40103 SET TIME_ZONE='+00:00' */;
/*!40014 SET @OLD_UNIQUE_CHECKS=@@UNIQUE_CHECKS, UNIQUE_CHECKS=0 */;
/*!40014 SET @OLD_FOREIGN_KEY_CHECKS=@@FOREIGN_KEY_CHECKS, FOREIGN_KEY_CHECKS=0 */;
/*!40101 SET @OLD_SQL_MODE=@@SQL_MODE, SQL_MODE='NO_AUTO_VALUE_ON_ZERO' */;
/*!40111 SET @OLD_SQL_NOTES=@@SQL_NOTES, SQL_NOTES=0 */;
SET @MYSQLDUMP_TEMP_LOG_BIN = @@SESSION.SQL_LOG_BIN;
SET @@SESSION.SQL_LOG_BIN= 0;

--
-- GTID state at the beginning of the backup 
--

SET @@GLOBAL.GTID_PURGED=/*!80000 '+'*/ '';

--
-- Table structure for table `disease`
--

DROP TABLE IF EXISTS `disease`;
/*!40101 SET @saved_cs_client     = @@character_set_client */;
/*!50503 SET character_set_client = utf8mb4 */;
CREATE TABLE `disease` (
  `disease_id` int NOT NULL AUTO_INCREMENT,
  `name` varchar(255) NOT NULL,
  `created_at` timestamp NULL DEFAULT CURRENT_TIMESTAMP,
  `updated_at` timestamp NULL DEFAULT CURRENT_TIMESTAMP ON UPDATE CURRENT_TIMESTAMP,
  `generic_precautions_medication` text,
  PRIMARY KEY (`disease_id`)
) ENGINE=InnoDB AUTO_INCREMENT=17 DEFAULT CHARSET=utf8mb4 COLLATE=utf8mb4_0900_ai_ci;
/*!40101 SET character_set_client = @saved_cs_client */;

--
-- Dumping data for table `disease`
--

LOCK TABLES `disease` WRITE;
/*!40000 ALTER TABLE `disease` DISABLE KEYS */;
INSERT INTO `disease` VALUES (1,'Dry Flakes','2023-10-23 21:09:24','2023-10-23 21:09:24',NULL),(11,'Healthy','2023-10-22 20:26:54',NULL,NULL),(12,'Bacterial','2023-10-27 10:49:07','2023-10-27 10:49:07','Keep the affected area clean and dry. You may need to gently clean the area with a pet-safe antiseptic solution as per your vet\'s recommendation.'),(13,'Fungal','2023-10-27 10:49:35','2023-10-27 10:49:35','Keep the affected area clean and dry. You may need to gently clean the area with a pet-safe antiseptic solution as per your vet\'s recommendation.'),(14,'Hypersensitivity','2023-10-27 10:50:52','2023-10-27 10:50:52','Keep the affected area clean and dry. You may need to gently clean the area with a pet-safe antiseptic solution as per your vet\'s recommendation.');
/*!40000 ALTER TABLE `disease` ENABLE KEYS */;
UNLOCK TABLES;

--
-- Table structure for table `mst_users`
--

DROP TABLE IF EXISTS `mst_users`;
/*!40101 SET @saved_cs_client     = @@character_set_client */;
/*!50503 SET character_set_client = utf8mb4 */;
CREATE TABLE `mst_users` (
  `user_id` int NOT NULL AUTO_INCREMENT,
  `first_name` varchar(255) NOT NULL,
  `last_name` varchar(255) NOT NULL,
  `email` varchar(255) NOT NULL,
  `password` varchar(255) NOT NULL,
  `phone_no` varchar(20) NOT NULL,
  `profile_image` blob,
  `profile_image_text` text,
  `is_doctor` int DEFAULT NULL,
  `is_active` int DEFAULT NULL,
  `deleted_at` timestamp NULL DEFAULT NULL,
  `created_at` timestamp NULL DEFAULT CURRENT_TIMESTAMP,
  `updated_at` timestamp NULL DEFAULT CURRENT_TIMESTAMP ON UPDATE CURRENT_TIMESTAMP,
  PRIMARY KEY (`user_id`),
  UNIQUE KEY `email` (`email`)
) ENGINE=InnoDB AUTO_INCREMENT=69 DEFAULT CHARSET=utf8mb4 COLLATE=utf8mb4_0900_ai_ci;
/*!40101 SET character_set_client = @saved_cs_client */;

--
-- Dumping data for table `mst_users`
--

LOCK TABLES `mst_users` WRITE;
/*!40000 ALTER TABLE `mst_users` DISABLE KEYS */;
INSERT INTO `mst_users` VALUES (1,'Rahul','Goswami','rh917388@dal.ca','$2a$12$UxNmO0zeEKOEtOXE.J6ghOYO5HlNgwcuzPw5YyL550is4YcT5ki2y','123456789',NULL,NULL,NULL,NULL,NULL,'2023-10-13 17:49:52','2023-10-28 01:24:58'),(2,'Suyash','Jhawer','suyashjahwer@gmail.com','hkdjsbdja','919818879438',NULL,'/9j/4AAQSkZJRgABAQAAAQABAAD/2wCEAAkGBxMTEhUTExMWFhUXGB4aGBgYGBgaGhoaGBkYHRgYFxoYHSggGBslGxoXITEhJSkrLi4uGB8zODMtNygtLisBCgoKDg0OGhAQGi0lHyUtLS0tLS0tLS0tLS0tLS0tLS0tLS0tLS0tLS0tLS0tLS0tLS0tLS0tLS0tLS0tLS0tLf/AABEIAMIBAwMBIgACEQEDEQH/xAAcAAACAwEBAQEAAAAAAAAAAAAEBQIDBgABBwj/xABAEAABAgMFBgQEBAUDAwUAAAABAhEAAyEEEjFBUQVhcYGRoSKxwfATMtHhBkJS8RQjcrLCYoLSJDOiFUODkuL/xAAZAQADAQEBAAAAAAAAAAAAAAAAAQIDBAX/xAAjEQEBAAICAgMAAgMAAAAAAAAAAQIRITESQQMTUUJhIoHw/9oADAMBAAIRAxEAPwD6TtK2kBEsKUDMIHhHjKQHU36Aa1yGFYbWCSGFMa69+feAbPsZWMwpvEAKU1WD0TWnGG8oBIYewIz98nCLb80IyKiSAEuQK5ndGR2wFKQFK8IUoJQAACXZmGX0BjZbSumYbxwGG/AP5b3jF/jWaVWuyoTRKQpXp1NO8ceWE3v+3ZhlZJGRlbUKbQkhJuqoacCFdCOhjc2baqk0LnIDdh5R8725YLoQgGoQk11N7xHVqJ5DWNPfNxBJqUO+8Bi3V4u4zQ3zy2WzpxP8xR/pGSQKDnnA9vtalqMtGCfmVjXj+ZVTwhQm2lKrowNIKlzrqSxqXJPve/aDXGk+9rJ67qboAfTIH/NXaFNoUn8xUs6CvTTlFkyYVFsA1ScTu6Y8QIqkywUlas6DhuB1382hXFUukZIKj8gDYk4JG84PuDxVabUgaMMGGJzrmTnyjrWCRUkJGlOpPvSBpssBg1NMHOZrU8TpE9L7Q/iyosKHNhQcXoO0SXOIwI3qZL9chAsyeVEIQObMDvAOXGC1yEoHjN5W+gB0ADXjCkp8BJ1sehSSNwD8aYwOpBJ8Jd8jifUHjFsyaohwG0yNNyQwgJC130kpzFcHrUb4mqMpClSlXWNXBSccGfgzwVs6+FUq+QUksHGQOkWBUwjxS/jIbJN4pxwYBQ3p6HEwulWZZmvcUnFgxDDLHCClOWrs9uZgCGw488YdWS2an1/aM7YzUFaHOpcHnh5Q7RODCgHMj0MaYVjnDdFpGsVzLSDAAUDoffCILWNAY082fiPM3d6ecQ/iMmMAoIOXeLhueKl2VmhYWYB2ogFJetMImSdYHtqyUkAsdY1xZ18zRMTNtqECUEspySC/h8q8YM/Ec29PNaANHbGklVrmzlXHQCCQU1L40wprvgG1TCpS1APnSsZXvREVqmvOI0pAf4gk0QIoRaTfKtTFtpSZjQ5xU+QCzySAWxgSbaFGho0Ok2VRwiKtmjEmKmU7LZJ8MmsdGiugUADR0H2Ft+pFTsSS3pv4wFO2gATVgHx3M/Ewq2ntAIQAVAD8xOpwG840jE7W/E3xP4gIcBIUlzU0UEkAZfODrHPc8r07JhI1O0NoX1SlD5Cu8o7gCUciAOsZr8cTWnoL1TLVM/8AEpA5Eg84s2PaAbOUHFKQkVyCWHYGAvxDMBuTcCSJTbkn/ih+cL2vQL8WS0lN7BKpbJIxA/L3CTHn4U2kmfIQhVJssO2Sh8pbUO4MXzhfscsnEBSS+Vx6chSMgb0mdLmIcAAuP9JJveV7jF49WDL9fRPhELBah9B9o9tE+6FKOATTm3qYhZJ15AIruxrg/vWKrZMSSElxe044NAVRsSSoFaiz/KOGJOpJc8hBNrtIQLytPCnQfXfF0mUAl/ypHYYuOXnCO2ErWVKwGHE4Ab4nI48NqJ8azR6JGe58sC53HlVYBMmhS1ln0wAGQGn0EWJshmELUWlpw1L7tTQQ3s0kpSkJDZJGLD9R5uw55QTE7Q1ikFBupBMxVf6Rqon8x7Q0s2yPzGqtTgN7nzOkMdmWEIfXFR8h0i+eL1A4eg1YnHc8a6kjO5FMywI/SWzV9XxwOIyjN2qVemOkEpQQyQKkvhTFqmNTtCWT4EqIAfe4PhdTwj2un4aRgCAQXajYdQ3FhGObTATIurSSB4gQFCiVORRQGT6UwMEJly1v4nVorwnrlGVsm0yhQvVChdNS2Gr0GLekObLbZU9IUld5QAdJopq1SoY4H1hHRa5BSSEglqkOD5P6RXJtwBqwO4t51MU2yYUiqlAcD4Tuq6YSfxJU7qSo73BHXPdEXjpXbUq2uBTPd6vFkrat4sWjJG0eGlQMT9IO2c5AJevUfaHN1FkayTaMzTnBH8UISyOJJ0EEIxDiLmTHLLHZp/EhtYFtKbw8JIeKCi85DxATbtThF/ai2E1m2GqUJ6r14zC7nhuEIF7JmfDXrG6tFoTdcmkINpbSAFBCzzm9xlldMUdiKT+WsGWHY8wkU5GHcvaCD4iQDFo2omhBib8mX4nZfL2Kt8A0EK/DoeqqboJXtTMNwgCbtRQUHIA1heWdMSdkyI9gBVtBqDHkLV/R4jfxbtYqnM7S5bAcSxUqFdhmE/HUWrMVc6uVdUp6Qp2/aPiTShOF7rDATQg3MygDmzqP93WNpjqO23dOLFbbiEqdgVtvus3/ACMF/HEyz3d5I3XBXofDwrGam2ggGlEhAH9yvPvBNgml5qAapdQ0ceFZ35wePA3y1ljBVZAFYkOeLkkcSH6xlkSb6QT+W+3AEt/4mNJZrR/095OAYp3Cg84TWhN1XhPgUbw3BYOHXtEziq7H7CWQlSNBThDaekFi1cjv37694RWRZSErbRx2PrD0GlMsR0ZvekOkutJoAntCwS/iTQMk9y9SfeW6C7XMul9AT3+0U2AFMsqU19fJhy0HnC/shQQFKAyGHAfMricIc2WVipsaJHDWALCgM+D4DcKAcz5w2QsJBJyoBvx+kOFXt6vwwaD5jqSRn7wjp8wJDhnLk97o974BlTnAUNXO/wC/1iybMASxYkuHHEs3U8uMFy4LSmR4WKvF4SXzJYkP5DhHz3b1sUqapywCiBvahNN7xtrZtKWglyPACGJAxuMN9ArvHzH8T7Qeaq5QfpzCgLpfz3uIXj5K8tcg7ZtJqYkKz4HPpAtjtpQbySWzANcXx4tWKZuyFlN8l3rjkz48IXyVlJjf6tRl9u6+nbN/EIUlppCgRQnDge/A9x54lzFEoLZOAWL/AJSDVO4hxXLAY2zW1qflOWXEb4ebBtN2YlTgB6udxx5ntHPljY2xrS7PlXQyhuPvh6wwlECgPCC5NkSqoIiabGMm5Y++ETBRVjIaCJtEkxn5iig0OGpD82j2ZtJZSQCxgkkZZfD7glW2EJesKbV+IbpZIx3wstVhmkuAC+b06ZQIqyTQfFLJ/p9GhT45HNcMp6P0/iENUNqIUW61ObwIKTli3ExRPsKlEEONQaGPU7OIoTvO9416h3GoKn5JCQNw9TWKJay/CJzLOUZE5iOBIqQ3aFup36cokVOcB2hZUWygy0VDnCISgMQM4BaDFmOpjoaKlnWPYfJ7JLKl1E54nj9IOTLKpwP+onpQdrvWK7JI8YD4sfTzEONm2b+erQLPQo99I2dIGaj/AKi5+XDqDXyHKJ2ea0y+MVpP9znqQ0dbA099/klXrFKpbGVRsByIKv8AIxKmw2YgfAmJyN672UPMQoTNKkJBxSW7e+sH7Km3RLTqV9yoDyEBzE3FN+aqn0DpA5xj7aRJaiEuMQHI41I5F+kONl2p2I0BD9FDp7pGfM0hAI0duZcRfsmbhoCzd/IiGTR7QR4aYP00HXzipaCUhGGHRouQp6Y5HhkYjNFW3xJm1mSABri2mgjza62SlIzd/wDdnyicrycdGbz7xC1odRJ/Sw5EktFeke3lml+BOXun+UB2yaxBNAk+RAfr5Rei1XVNo1N+Q7iM3te3EpBFQoqR53eoArE3VOM7+KLSZk1aAKYHOoXVQ5DuYz9vmgKJUm8o4Eks+YbP7Qxmy1O6hQOTvDkgF9SQIBNnSr5n3Vjo+PUjPPambtRapQlGgHlpwhUoVENp+zf0kEbzFMqxAF1VO7CNLkzmNVIkkM5gywTCCAxd6FtxDHrBNhsN6pgqfZmw5bju0MYZZzpvjhW52dO8CBkUJL5hwG9RF6gWN4HcUg+hgbZQ+JJSX8QvA8y/nBVlUpAYFxmDXpvjGRdJrYvxO5/3e98Dm03SA6ccMz9oM2taUFL3QWLGuH9JzEL7PYySGTQmpOHBjhFaEo2fLUKg8ASRll3gSfOWkpAIKjiK0c07EQ/Fnp40uBgz1DUDCmfCIqsyFMUgpZV4tieJ9BD1C2DnpUlIJFeeGrZQFO8Q/YU4YiH0xF/83HrhHipaRg1NGenOFNC0is8qY7pStT6pYZZrbrBn/p4USqYgk6JB7k+eEFK2jkCRvJPnj0hfadvXSB8VQrTwrU/V35xpjGeUl9Ll7Okpa8K6KPpA0zZ6MseQ7DCKJm2iMPhkHVCbxPEACJWS3E1KQK6UEa/XtllJ+IK2bMJdjHQf/wCox5D+mfqPEmstm+U5pKk88R/lDCykC1DRaQRxYjyeLptmurbJVecA7UUZfwJ4wlruqG40rwYDnEzpve1W1ZH89J/UfqD6wM9U8+z+jw72lJBdQxQpxwWKekKJYrwf1eIqoInT7tpQkYpCO6g/rFtuWfiKfG6W4gP5iB9pS2n3/wDS3Z/rFlrF7xf6FH/xXGa0JK6I4f5V7GLrCrxEZg/Z+yYClF5aToSI8+MUznNL3/5PqnpDFayXNYgnAtyJ84PKT8Q9ICswvJB09fvTlDCyKdQfTuB76RmoxkoqOLnz/wAYGtU9gVfpvdA/0gmzHx8m7GF20mSGOjnmXMV/FHsD8S4klR8SnbiXqRpQdYTFd2UEqLqCncf7tP8AbBFqSZqgtWGQdhQ/RusVTJQSAkAAa578OcLpWgsxCVGife+A51gBY5d+sNlpCcxy9eojzCprUfbv5RO6vUZ+dstywpxz4RCRspj4nf1ekPllrpb2T+0e3X8T4d6P74Q/OjxgSz2dgKV9Y61SQxpQY+9YKQkkem5sInMTUHUV30iN8noTsFdwBjlR8OB44Q5tkvwlSaA1O6lYzclWjOKjq7dY0NmmXkh8CIuXlFhZZLI9TiQ5zqW+8EWazkLJcgecWIN1RTpUQalLt59W7eUPyLRRMtiVirgYMXGB31bGPZc9SjQeEYAZiIWrZpTMxAGWABOjnBUTElSd24NhvaCwDJVsAowAi74CFYAdvWEH8aQq6RUAOeLZnjBsorV8rD3uMKWwWLZ2w5S1XilzuLH1ePTsmSn/ANsvvd+esRCZuSgTp9r0Una5T8zbwSl26vGkqLFv8JZgWuS3H9D9GeAbda28KUqJ0CKNrSCDtOWsXkhL4OH73frC+1bQCkm6ReGPjW3NyLpjaViWrWp/lHT7R0JJ2103j/Lz/UrKOi9luN/LUJ0ulCz8P2MDzrOJqFIVS8ClW5QwV6xRs62MrDOo8+zEQ2nSUkhaahQYtocFcvIxm0KLIs3JYXQkGUv+oUQfekCKlspjR+xZld2hhtCzkkjKYG4TEVSf9yfWKZqfiIC/zD5v6hQnmGMKnAu3XCQrJi/EkD1Me2UuEF9QeBSB5xdtNAVKIOgPcP6GBNl/KArI+X7xkt1il/OnRSejt9OkC21DoB/Mkjy99Ia2KX4q4kXTxTgewPOArSGvP7IvP2eKnYvR/wDh60X0Nuw3/uxh5ZAQBzHUUjIbEXcXTj9fSNjZT4aYgjsaRllxVTofI+fm3q/cQj/Es1g4xIYeXm0Opamrv7eF4RfiEeNIxrhw8X+MX6TO1HwmIGCfoP3gBU7ElIqzPlUAU4VjTWmzApCgKEekZm1yA4x1pk3sNwibFyo2Y3gSeI0rm+bNhrHkuYxcVZ/IuSYIVZypAAozuSMAxI7tFEizBRu1YFtzM4fXPnEqVTPlSThgTzP0gtElwBnnEVIdSZQFGBPH8p5sekXKQzpH6WB50MTTgSYgg4bvX3xiIkqDZ7ssXboTBaPEpIOrncNOo8omsYnBiD5jyAhGC8OOBVjxrQ9+xg+w2oOUHPCAUJF3eFeLuf8Aj0ge3y1J8SDgPbe84aa001IVXMe+kTs00A3TCXZ21XYKo0NVlC2L8CC1d0OkZKlpWm6oAjXHg/1haqWuUapKpeRDluLYdovkTCnwnkfrpBy54IunnFy/qLCW0WVE5zKUyxUj1KfWFK7WqUq6pILfmwDwyttkMs30ON4qz7sW3Qmt1tmKSStIUkVBcgjWocdYLNnvRvZ7alTVY++ce2uzoUHIS+oFYzFitCMUKUDjdJBp0rx7w8RanD56jcMfrBJYV0W2nZQT4nVjVgc9WOEZ222mak+E6gEgOG0IqOpjZTJt5XhUyqFjgdW+0KJqUrVUB3cENXi0bY5McsSSSCQCqW6jiQwflHsadGzUkYR7FbZ6LrHNKkBQ/wC4nED8zab6Eg7o0Gx7cFIfJ+hPoT0eM9MsplTDdLBg3IDuDBshbXlpFfzoyriRuPbGM5k2saC02YENkcNxGB5HtCqUllF6BVFDRQz95Q0sk8KAGNKb/uIpt0kfNkcfRUO0QCqSwKDgHHI4enSFliDEoONQ+/I8C0OjUOcRQ/X15wsmJ8R/UnuMu1OIEQuLpCnvHNKn6GvZoo2tJYnS8T19nrBkpiq8MFAPzGJHvCKtrn5icEhKxzDKELfKtcKdnBi2H2+opGr2dNoDqK8v2jH2CeFJChiCTywjR2GbSmVfIkefSFmMemiWnwtx7sPQiEf4nl1SoP4gAG4h+x7w8C3ocz6g/SB9qynlhWaCOh053TD9JnbwLJk4VSkOBwDtCO1IN66MSzlsBQEgasKDfDixrYKJ1w5AegiqyyAHL1JvEnM+x7eF0cUS7PdKpY+ZaF1NfEGIB69oU2VdwtVSlCpqwAY00eHH8SfjAmgHWo86d4Bm2cGepqJxScmIBfzaFOlPZSH8RwAZ9c/t1im1KJNMxTedIKnqupAFA1dG9+UVWdBWoKANMPrxJ8oj2r0HlSSkKGKyW+/Dd9YIoVGnhSRXU160Y84tWq65ALgMN51HTGKmqEYlw7ZAV6Pd6b4AGmSGVepXLUqV79iLZsk/DUdBSmIOVekWWxDAHMBhlUsl+LqDQ0tEoBJSB+VuTevpD9ltiLVIIU6TTox38oJsdpUg8atodOEUWiUXSRmC5OgND2glSBcCt/oacaQ6I0NhtoKfFpgcOEAW7aoSWD7t1HAjyxrN2p3E+vrzhbtCykKD0/ScASKge90LGixdZ9uE5ljRiQP2OFOkDWq2FKnSpia6au+WLBj1gFNiUm8sOkHHOiX41Y+6QNa1gihocNAc2cOI14Z6HoEpRCroSqpUkFq6pyD6YRZKneNXizDZVqz8geohXZVBr/5kivLTfgIYSk3hewJZ+DluoENNFWrxVTix+4aLrHZc9a8zj+0V2aZeSDheDe/esMrPRNaU7xUqMkwkfqA3R0J7TVRISoucjHRHm5/MXtOUVAKIZQPi3HXhAiwUkKSWL+h7ENDG2rKVG9gWcaiALSoBq0NUnn6P2jOXbus0Ls818Ays0/T6Qykzwob8xrvEJJ6flIxGPvrF8i1MWzxfV9fKKlTYMVLund6ZfSF9vs+YxAbil/MQfaJpIcB2y1GfSBpVovUPse6QtnA9nmGmufEEh+3lBVuRfDZFKujGncdIFnyikpU9RQ/6hkeWEGLLpQoZHsWfsYV7XOmX2KSktiCCk8cj5xqNlLIpkz884S2SyMTqF/2n7GHtjSw984vOpwh+mayyNQlXNmV5DtBYWDwIIPvtCW0Tf7PNvXzguXabqeb8qevlE75FgeaoS/CS5Ua8A9OePB4kuYbpOP1Vl5chHm0UBwuhAFDjWvUM5iqbON0JZiATuw3c+8ABEqK8agY9DXTKGc4AJGQCQ/ACkVy5LY1JZ3gTaFpLK3kcafQV4wrdqnCifN+JMEsE4uojLRPvSGp8AoK0AGp+wfrAGybIUgqIrjxUcuAg1QJW2SQ3M/N6d4Q2qnJF4VoOp18ousVm8RWR7FT6dIhLDm+casOw9YPlJZD7/wC496NBBaEWplAkOlJcne9AOnaJ/FdStAluL/d4AROC5gDlkl+Jwrq0WS7xLaEn9oeiKLXZ8GDsSnq3kTF0uzm4xq1YZrszkcT1KvtHT1BKVEYBNOLt5wqqUvkoKZdcRgeP0hVta2qISwchQcbmw7gxqFSx8Mjd5GvaEarGyifdKP084rFNoaeTdLUDUDndSvOEtoKQWxIyYFs8xGltCKBsMIXTrOlJvnVxyz7ReKaXLlspQONXA9+3grZqqHcPfePJFlc7zU8zh08oY2WyBPT1f6wbTatlyroFKVPVjBE9Tlt0en5RuDGIImIpeFCGfRnicrwxzy1NqCWoCOsdHCxWcZ9o6MPsx/6Vy+ajbCJhAOZ8j9oXSFlKQkkKZfdg4fTGNLttSTQNy3RlJkou5oAfYA1jTGvVsN5ZvJcflVQ7lV98YlKYqHvP61gaTPuy3zV4QMhv4PFcuaE3RqSBwzPnF6SdTgoOQaZcXaKFovFxQ4/Xt5QXZ1iYg6jvwgYTWUKYFj74QtCPbQnwg5YPpF1nqggcffSKrQm8CkcQd407xPZMo1T7xib0ra2fZwkk6qfmQ3rF1il+EHNu8XWtPvhX7R7KWAhIGJB9PWH3C9vbUkFNMvJwRE2dhqB78usQCncZVHK6PUxXbiUpJGlOISYm9gTMULt3RuONY4HEgfbEnvC/ZVoK7pOJBJOuIHaCCoghIwCSTxo3nFBdKJKk6Xq9RAy0YduJbCCE0HGg4nTvFkiXUHNyemEE6G3gRdZOjcyak935ROzJoScS5PMxFZNOZ7mvl1i4C6ktkwHvjC/oALXPujf5ZDs8WTbUfh4ZgAdPpAto8RY4PXr9u8WlGGo8z+8OCoIQEV0Hf2e8MtmS6K1w9YVWoOUo3nokD94a2OYx5jyik1bNTQe6wi21aAgbjU6AEn1MOdoTborWr9D94yf4itIWlAD1pyxeDQ29VtYlQRmlhxww6NDZKIzuzbH4ipQqSw98I0CltKC3qz9cPSFT2oWxdLsX6N9jCu0kvUM2A3QSuYyXzZ68nheuYVFzkO8WgTZRXjDKVSphbZEUDa+UPLFslcwEigDZvi+UTJu8JyugsyelXhFA1YrmWfFQUNAnWKLbIVKLEQPImgqYuBiwo/Exn8nkwyssUzbUtJugIYamsdEbQgFRN9I3VjoUkR4QbtO0FyKAZ6mEipznB2wbCNDtCzg+JoTzpJGgEPGvSoWbMIujEgYbzWJiWSQo5Yb9/WOUpANKlh5ZQVKklryqPgMzGm0GdiJSA1CKnicR0IPGLSyy2Hq/lAqFkhxQe6ROdMAoIW1aMFzANMaRdYSlCXJdR9gcGrCwkK8SvlS3Wo+0X2WbUk/lBUeJFAOXnAmirdPcPh7NBvhfZ5xMwq/KAyR0rHlpnUvK/wDqMsgOJiFmmusDAV50x4ORD0Dywild/wDd+w6RfbZboIzZ+xiiUsYAjA9TDGZgOXlEZQSkWyh4k6A9aHpnBRqpRyNPP7R4iVcmEDMv76x7ZxlvAPNxC2YxUv5dwf33j1IYcachXu46RbOAYnQehim0P8QgZEeUVrULauV4lADXtX3ygueoBPA+hxgeQyVHcPUxG1TPAevV/p3hAGmqh34AV974v2c6nUd57/YQKh2P9JHMuIPsxCJajoAPKKgoYqBmE4gUHq3aJSZrLu64++MC7NBNwnG6Sev2g6XLAL7vOsF7E6V7XeqeHmIz+0k3UJzUcOYEaK3i8s728nEZ7bf/AHABS6O5oIZel1jT/IBzJu+b9iYYo8Ukjd5ftAdilfyP/kLcCP2g7ZgeWoHBz2he4CG1LJVXIP1P0ioJxMEWqSSSPzA13jIjqIlKkKGIxh0hGzJNK5VjZWWzeBxMACQlzgMIzSQEpAepx4CLpcmZM8KiUoP5cyXxO7dFY+P8ptGU2q29tGWtK5ynp4JSeDOs8cvvGaVaAplCgMara9hkiWUJReUesZW0KuKCQkjcRWD5bb6cmc5QEomrHpHQQm1TBQKDZUjojg+P1rdsWEIvULe8IytolJNXjd7QT8VJrSMja7KlDs5O/wB94znb0MbuFguo+RNf1Ki2XLcusk6DX6CKlTFZBtPeceomXalTn3zMWYpUxsccgMhA8pd4lVdBx+0WGUVvkMzFjAUFAMz77QQ0pgAQBkMe7CPf4m4kPiTePMeEesVLmC651w1OXnhC+fOKjWK0kQqfeSGLl89S1eVYjKKgFKz+UdW84qk4E5CgG/20TM1nA1w4A/vDJ7LnqQRWvo1ezdTDfZ201XAVEuoXuAc/anGM5PUQz1VoMBBsiacQa5aYMCdwDnnBvgtNNZrQVC+rF6dKjvBksg+IVD+RY9FRkbVbvhpShGRB3knGOO3Vpe6AwPV2JPPxQvGU+m/WPBxPmRFEweMHVurfv0ivZtsE2SlWory+8eqmAlChwP17iHpCrBzufs3vhA61eFXLyIgxaaEbvrARe6Yz0raiW90jfXmYMtKSZDZqrwcv5NAawQAoYFiYKtM4EDRh5Q4VRsKPCncCO/7xdaV3a6Fu4b1gKVawKZU9+cTtFoCkk4e8YDGpS6i+YHanoRzhHbZF9YbiYOlzrqa6HqTXuYGTaGL46jy6Yc90V2m1bYvkKW/Ne6uD5DrAi5/w2D656H6QbInhwMKN5N3hV+IJRN4DGpA1Ck4Q9JuXHDpdtQCHBowryPqIOtcwUUGwwBfywjIWaeoKN9yCwpgMw+/GD9ofiIi8lIFKDdGsk0z89dnVjtZCrxAURhqOGkObFaUKq5fMGPn9n2uLwrjDuzbWQpXwiWWR4VekT4LmcbSzSUmYFgORnuiW3Nhy56CoJ8Y+U74+X2zb08kpCihVU0LEw/8Awt+PxKllE+8VJwUz3uO+OjDV/wAa58++CW12eZLWpCnBSWMdDm3fimzzFqX8BCnzKqmkexP0YfqPFtdnqNyo5Qm26Ek0EO7KhgEueJxgDa1hZzeeOB3fHxGM2i4DvdG7E+sLpU2vhD9+5pDDaaE59IWpWxYud1WjTFpREq1l2c6ndu3nfF/8UkhzhkP1fUQsUMQK9ogXGYG/E8orsDZs0lnxcsOkQmBxvz984ERPJOgw39dfqY5U0u2QitEMFANBX79fKIpWGf3qYgsummJy3DTnEphCUJTmff0hWDbxamSTjnHtkUVC9zPB4s+F/LAOKvo0Ey5ISndgOAxMLjQ52HEn35nvEFJADb+zUJ4v2ixCxeV7xH7RVOGB5e+UIGmztpfDQUYMARo7n6gQVZ9pKDZgs3d+YDdIQEO4zHcRXZrUQ40wGhBy3P5w97TX0Kz2kLDaAdD93iu7dNcDQ8Dgfe+MtI2oxLYVaoq+R0qA0MBtU3WUahn3pJLcwKw9RJ2lDOk5ez74xXaZDDc3lgYr2TtNMxJ1TQHUe/OLE2pKhcPAdw0T4i0qts1KAN5PKj++MT+OkAA8G34wi2ssieQTQM/IUO77QeF1c1f6CLmE0ndGyp183W4ccfQxKSXxEUWQssHQwUpYSk1pDuMLkFNtQFU014fu3eJTlOK8umHCEky2gKUXdgxw1+kGJ2j4g2Va5iCyMvLUDT5SnZmGZPftAVpsqE5hQOmb5wymJXMU0xqmiXpzgWfYJhNRdAwA+ucZy/2jdCWrZwCQpNDmDviiXYyFhTk3S45QTMSUKFXPVuUWLAIqtj7o0VMtJm/YP4F8lR+YqfGIqsqUkKLvnpWCgbyQohwMDHsxObYNBbTtAnZ71w3R0MEz0tVJJ4x0LzyH+T6dscuutaxH8UKN7GPI6M8uv9uv4WStIqecJNoFsI6OgxdDpeA4ekUnH3rHR0UlQvOPJfvvHkdFQL5noPKOfxo96R0dFTpORvN+bl9Y614GOjozqiuX86v6j6QUvBPH6R0dDyTiir5uX0gOb/3DHsdBCrlhjSDn8HSOjofoVfYFHX3eEWTFm8mpx/zVHR0Xizqf4qHjlHMhQJzIpQ9T1jrH8qf6fUx0dBAPRCT8QrLgOWbDKOjod7R8nRZLSGTTWJWjFHEekex0HpkYWlRvYnL1htaKjpHR0YfJ3CpBtpICyQGNKxUpIJqPbR0dGk6J0w/ywN5i9HyJ4p9I8joeXR3odMSHNBHR0dDin//Z',0,1,NULL,'2023-10-14 22:30:33','2023-10-14 22:30:33'),(3,'akjdbk','wbfj','jhdjhbdjq@jak.com','bjkwdbkj','9183279173',NULL,'/9j/4AAQSkZJRgABAQAAAQABAAD/2wCEAAkGBxMTEhUTExMWFhUWFx0aGBcXGBseGxkYGBcXFxgdGhgbHSogGholGxgXITEhJSkrLi4uFx8zODMtNygtLisBCgoKDg0OFQ8QGi0dHR0tLS0tLS0tLS0tLS0tLS0tLS0tLS0tLS0tLS0tLS0tLS0tLS0tLS0tLS0tLS0tLTctLf/AABEIALcBEwMBIgACEQEDEQH/xAAbAAACAwEBAQAAAAAAAAAAAAADBAACBQEGB//EAEAQAAECAwQHBQYEBQQDAQAAAAECEQADIQQSMUFRYXGBkaGxIsHR4fAFEzJCUnIUYoLxIzOSosIGFbLSU3PiQ//EABkBAQEBAAMAAAAAAAAAAAAAAAEAAgMEBf/EABoRAQEBAAMBAAAAAAAAAAAAAAARAQISITH/2gAMAwEAAhEDEQA/AHk+z5cz6XOZNaaO08CRYFS+ybpB0mh0MqNCVKJH8m8nBxdHFyKw1IlKSK3boyJHW+Y893dYvuEhyEkAZpVeb9IyffA5TP2EhRGLkJrns66o9H/BVXsPsdtPavAwE2NAqQK7Wbc/WNM1z2daryg6ACMysMG0JKu6NlMtBY6PpVR9hjJlWeUvFaNV0Z/bnDlnsd0dm8dwA3AGFk4V0wSR9zHlCipkokYu/wAqTjtFOsMi4APhG0l91awGbaVYAO2094hS0yQhVE+8fMqIx/UXjqbCWF2aZbaFAg7hDNmta2LywOA35wS81XGwDvwMQKLStIcqWvW3rrAxOvVImA7BlqI6Q970GhlqOssO94ClQS4SlROgGvU9IkoFIp2V7VUHEiDybMDUKFcGFOLQnMnKOKUIAOKkurcBBp1rUkPjh8l0NvLxI4pChoMWlkjPiTCqLW4DLSk6z51huXaLwYqSdYBbrElhLBFW3Ad4gRs68UzTjhRtmEECNBG4HpB21b2MQUy7TcPKIkJOHfHUk6AdeMXSkfTXZ5RIIyE6Obxz3RxYwcqAyAiipw+oQxVwEt8KhHU/dxxi11Og8+jxZQS1T0iFDcjEE63EXvNke7rFFyEEY8CIiZYTgVHafQiTswA4Eca8oGJWkJPrXBnDVSesBJSaEEbmiIl3IIYaiG4PHDTGm+IiVTsnlA5rtVift7hAlZyElwzvt8YXVLTgx3lQhlFoOTPrfp5xVRCsbvKv9vfBpLIljJvWyFLVZHxu7SkPucw8uWH7r/hFVjFk02mMxqsP8BLzWX1JHjHI0pkwOXLaokZjV1hC0m8AUNWpAYbQrLfGoLMtnCyQMiB1A0QwiZT4SUkO/ZptctwZ44uzDGidN0lDnmIcW6WCjjcVWmIbcCaQlby6WN8DJnGOg3WJ3w/aJyk9kKGOKq9MoSHtKb8IUlWxJDbDnGsZLWa4hQIQq82d4n+pm5xqyZ6DihRP2p/7RxM2coMpCKaiVeex4v7xQACiUUqm4BGguiVLUcSDoDDccTFwsglIG91GvCBSLQkOHLGjsByzEPSkSlBwHOwd4NeESJrTViCfuXQvoAPdFkezFAui6kHE3lFt2A4QadLLuJjaH8g8d/CLIqVr2U8YkVmy7uN063UeTPEsxvfCFkv8qQkf3ACDT7RMTQSiOZhdE+Ycb6BrDRI9ZZMwVUW+5lHlDC5CVaTxHRmjNKQfhWX0KOO4UEMSkqYUQRuHUxAyUAfKH1C9xw6xVconAJH6SI6meAMUA/S46gxxS8qaWAFd5iTiLCr/AMhA0CJOvJwI3u/J4Zs9oSBVuI6CC+8SaYPr84fARk2su2J1vGjKtBbtAjZ+0DUnWecCIA+LDaYLF9OKAPmIqiUxp3xSUE5E7oKoa23QgApL4AVxBixUPq9bxBUEDN+EEuBsBFmKgpH03VbPKOFP5OkW90Bq3+cWu7/WuJFyEkVSsRaSEN4k/vFpiE/sfCOBY0q4xFcBOXJz5xSYtP0udh6tBkLGWOvzjhW5Y1iBJSEZ9nm/WKykDds8ofmIGYHAeMAXJH0j1sg3DmllpQMEp4Mf+MDMtTvcBGl+6GlIOADbBCS7NkSw9ZhozuNYIbNop62x2BCzqyw3nneiRn0r/hk/EBVsRR90QyUsxcvkR+3AvBZNQH2c4aElw0ODdZq7CkJ7KOvQeEZVv9kzj2pbE6zhsoI9UgNQ16wnaEKdk01FmPGkbgrzEqTPTVZIYYJHekuIumej6Vg5slA4ksY3p8hRHaCRrNOYrCE+yG84IfOoJbeoRQ0OyqD4BOskEnhQcYe92ol2AfNz3vSMr8SRS9XJg/8AlDcmYQAVOnQSXUeNIkZ92EOSsDW/i/SCy5r/ADONLt0iipaVV90S+aiH4tEEh8Ukan8G6xBZawDQqL4dotwqeUC/Ckv2i5yDn/lTlDBszChA1BhzhS0y5hOQT9zdBjEhU2IDHLDtD0I4ZTV92F6yR1cQOQAmjb8ebCGVT3HZFRm6acjEgZc6v8sp+0BjzgyZRNa7CB4tygqZhPxJbWH6UiyRrxzLdBDEWUFpwI9bEx33yqfC+dG6w6UjMnj5QNdqligUH0PXlAkRNW2B4gxdJfFLHXC6p6SRiOHRngnuxgCTqZh18YgYEly97gYsoN83KABChh17maDS5ukcYUqq9krlFpSpmZfd5x0qfQN8CTLD4ndXxgRrEVPdHEkDPhApUlOQrrEEu6U02GEKqmEZg7aRUq0Ac+4RChLuDd3CKlQf4ydTjwiLst9A4QQJr8IEDbbx8I5Z5bV6v4xIdsqcIp2xgx206Re9SnrhFCs5n+3xiAE1MzVuenHyhdSCR8ZBOpm/uMPXtB50haYn83DDpGdOEPwc3/z9PGJBfdp+n+4xII16sVkF9T82h2yWgGmBhNct0NmQ3LGFLFYJvvSs/CPhBFQ9DXRQc41mDWrNml2auWiE7UuZdJYpyYkN3mCW2wKXQFicSBU78RuhgWFV17xJridVMY3BXnzfm0C1pGqoOVHD8YumwBD3wVaBeJfjtyjdstlKU3bxKgKnW9T1gSbICSSHIoNgOe0mCKs1EwpS1EDK6KnTUY7YomahJepKsKV2tltLw1/thJKicA2utc8sBCybEziW6l4FZyJx/bVBNJ78V2fhuA4O1edYVAUqpUEh3dX/AEfHbCospCiAStQopSjR86tgNWJ5NrQAzkknSHJ2B2A2vElEzZQqqYtRHDgIblzhiCAD3xk2pdQAHpRiGGskeukEskpT3qa1qI5UfcIk05k29gWY6PEQEylmr8XJGy8WHKFlguTeOGTt5xxftFCAL2xrprxgRlMxYLKbeoc7riL+8JIJVuAKv8XhWXb0UupfryFdzQVc5bG4hCTpVdPIViR+WR8w3N3PHDMQKgKJ1DwDxlyJtoKviSwxZKUjq/OHkFZxJOvDziUFSJisro1t0jspJzUd37QCbKcVbeD0esVQgprdc6QCOQrEj7fmV64RUy0qxL7CYktSiK3htpzrHZkkHGo+4t1rCHFXAGcetsWlWkCjQISkJ1aAYumahQYU5QI3LWTgnk0XVTJoSCBqOsF4KsK+o8PKGiDKS4z3iBJlHPlFJk2lQo7Ae6KpnE4BQ2jxiK02QcQ/P9oiARjzBMXABxx+49HirirEca8YgqoHJL7o4lZq7D1tggUphnrd/CKTEP8AMfWuAqyy5IuimZpyNYtMJAoU84VmSEu5C3fFzHVS0gY3f1V6mArhGlv6UxIH+GBr2eB8YkCOyEPBwWhVJCSwwx41g5mDVDmwaMjTEUqkL3jjA/ek51h7CC2abXtBjXfEQm6petiPXrCFp0/AtUGDypl4JUMMDFmmL2Wo2M+th+8UKGSoilHgEqYyyMj68YdWHT+kRrNrOsyx2Z6aP3747a7BeViwGOuH7IKEnR5nw3RWbmBrJhw1lGxoQkADWQ++piqWBwJOx20NGmJILvWKpkAEnj64DdFFSPuVqzIA0l92gboVtFilAgrLk6nJ3sSY10Jd/Q9YwtNCU1xOnTs8okWkyElxdJAyVQbkjvaOy54T8oAObDZRoBaRMCSKJ1AdPFoTTLmuLiQDmo16nzjLTYVLC66MyByygXu04hyd1OUBM0ihmEqbK65Opq8t8C99OZwJjazXdXuiTRUpTMCniCTygsucuoPQ9bsZiJ4V81cwS7dOkMyQNPAqbg0SOiSs1Cm3kjnDCFHMJPEE8oGhDM3EHCIubpWG1ExMmkgEVSOscujIcHEAkzNdNR8RFzNRhns84aouQdPSKknNm2+EQKH0vuaBzprYB93fAlxNG3YPTxUzhkOCfDvhcWtJ+IAE4B4YSTkSOHmYlFVWlOaVPsiInDC4Q2nzL8oYSrY+14sofb1iRZd3EkjaWiLlA4AGmJBMHVq5iBTJ5bARIAWQaTuAA5+MVTYQPnWN4HdFlE4X21BPgqKqSofUdg84ChSkZP8A0RIhs71IqdcSJOzlLZ0gFtJgVmmAqZTpO1xxh+QoHMesoVnSQ9MuXlGdw00iU2yF7VLGOBHP13ReSphV21R0rBGIbv3xIspd4bq7Gb0dUCsVoIBChQF3HzClYqpBQo3SxNW6sMOESXJdyksdGR3eERMrUAL2I06HcjnDkic40hqR5lc9QJB7JqCPlL56oJZbZ8gN1QyPdpHcd8ObBuN+QprycMSNhr4wNc3tEYXgw21BpvEIot5HxDaRoJYnk8Vtc68kXSDVwd7ONYOWuGiNMrZ/uJ3Fm7o7OQ4GQJrsEISLUFJc44Fs2qB14QefNLMMCMdfxDoeIhqhmQMtPiRA5tmBWCatXeDSOS51aZXTuJIfgDwg61sx3GHNAVoljFnz6xj2izrXUkiuApG4lXZw07oDMkEq9aPPlCsebtCvd0QkEs9Q7bQG4V21EIWlcyYO0ClOssHP5UjDU8eptFgAwc0Ar36TrjE9ryaFSjU0SnaWx2P0gOMeQsJLEo7Oag46d8aEm3qUewATpSkg88YzxY1EhRSQBooOBLDa8MAsLiXIPyyxTHFSjTgC8ELbBmBr5L6FK6io5w3KJ+u8cgMuMecKEyw5TX8xpzA6QeR7QnEsLrDQksDEno7yQC4USIr/ALgoDsSjuA5thxjMRfcXlgv91dgcPtrGimacHf1oBgUNSrUs1UljoYdYPeJz4t4RnzphpeKm0BDczF5NqS9CTvpyEIgq7NUuf6QepilnSkUAVTXjuEGS5yO3KKzUgUuk8G3uYk6UpLOFbiochSCGYkZ11uecLy1AHAjYPXSGJdrRhnrHlEA75yb1tgqFa67PKLhRUaKbUx8YrOkJOPOJKKOlRGsGLlQahx1ExQSwMEjaGPGImWdDjXh0i9QSmfHioeMSC3DqGp/KORmGhUBqLp05Ry1SCQ9QRmNGrSOcMAUrUesYjXBSg5D1uihrHk2lQIBLpOByJ1kYGHlrDXg9MdkXXZQXIZjiBUK3d8K/7cpP8uYtOwgtuKajjuh6qrCSlaeyQfyk060gS5M1NUkfaRlqIxgM6zqD35SVk5p7B35HaGhY2WakuEKA0BZ7iCOBh6im12hKh/ESxwvCo1OIStHs4gvLYg1Aeo+0jAQQhT1BBOF4kYfmTntEFlKmH5UnUVA82cHbD1VLiYABeJSRx0A6NURExBwWGGI+GpxJSdYd40FWBC2KhcOpTh9YIaM+0eywguFpLa2O5+4iDqqCuzzUrK0qx+JJDpVrGgwyq2NQkpFCysi4DE6NCmyqawtLDFkLIP0KLEtmBg2OFYvOUWJIKhnQAjWDnyihrQs1oCSQS5YlJyUipI3Ky/M8PybQLwSfmFNbYPrd489YJoYt9w+5mOoFss4dtc1QSCxDVBelWpexbEQJu2deIzB5EkjpBShlFtA5kd0Ztmn3iFpzDKByYON4LiNGRPCqjFsNjw5rOotOLRmWmygkUcvjrLYaMo1JSmpmQPXGApl1fKvGnrfCmRarPk+p24sPWEY9oslCU9lJNVE9pVWcqyDsGaPVz0CvDjUwnNswV8QYasSRo0ARF5uSUJVVlHQA54nDmY0JSb+CEhsiX5ihPHXF5nsz5gkJ10du7XygX4Scph7y6MwKFtmPEiJHfdUYqEvYKkfpNeMOSrORmojSpTciXjNkSUS/mBJ/Njs9GGpVqTmEp1lQJrprEjU1CaBTH1owHCO/iAPn3BMUTNljFQ3J8IuLUgYS1K2gdTWJDS5r5E6H8IZlJOgDjCBtkxqSeCk98dQucflSknJSh3CINK4BmI6aaOUJS5a/mWj9IggGlT7v2hEFVNfC7ucwEzQk1Ty8zBhL1HjFZoVgAd5p1iQaZoxCBtbyjqp4OOOvwit9T9pQDaxXlHFWhI+Y7gT0gIl46B63RIFeWavxHjEjNMcl3gAU10pOO6CieGrTSD4QtLtCVAF6nBWnUdcctC1gVQFgcCO4+nEazBo4sSFVSAk6U6d2EUXLIDKDawebgUjO/ES1YEylDAKof6nY7OkWPtT3Yaap9Sk4g6CHfjG8wDe6eiZ106FgHl5QKYmaMVg6wDyqQOESTaJE17qv7wRuB6RCwoFsdALUyo8MBdU0qDKWCMC/mQ+2BmxJdwttj9c+MaV68GZMzSFEcaVeKLsSBUIu6XemsGKKl/cfmY7PMxxSlpxCj9pBB3Q0bOhq3jsIryiqZctJ/wD0SNBBIPUDhFFSwVLmBpiUnXTic32QGdZSElSC6DoPZPgd9Y0FyBiCBovYbizNFEqKTWWQT8yfhO+vODcNYkk3V4XcH0EccdGEasiaCNKRRswDk2Y0ERLRIODAh8iLwfkRq5wooXFOcCMWoRoPKo5xncNM3PdsxJTpD0GXCC2acUTAp3DEEZVao0igP7x1KSQ+KSNOB1HM8IQtchUu6tFUZhn5ZZjVTKMbjT0S54u3kkHRudXdzEVlzu0Brz+5+g5xkezpwClAF0KNNR4623g7Hp0y6pL/ADNj9QCU7qZaYqoeWBUnLvPnFCjRjh49RHEkqBfENybvrBEjs7T+8awA+6DVroGyM63WdS+ymg2PxeN0JgNBsGevvMLLzg/029SrecTsGQhuVYEy9OwHnWnOHxOKtmkiOTUJzU7Y1DDcKcYiVklL9lBfWO8Q4ZM2nbYaAkf5MYtJWHDK/u8KGDiUnT0iioNxQNS+qh5ZRX3ajknZd8DDqVDTwAibDzigpUIU+BG4NF0yV/WRqAA6QVtauL9Y6Jhz74YqAUkYqO94uZgOvj4QVS87pO3zgZ/9ffFEH2N/5YqVJFG43X4eUGShZyCd3lAptmUQ5W2wN0cxRVWmSTwT/wBo7HPwKfqPE+MSLqqx12sJqpwTiWZzkTkTwflDEm3JUj4rzZpcEfcMRwY6Iw7dJmy6y2UBjLUXG5Xd1xjG9+krDFUiYahJ+FWtKk1H6XwyeNZxWvXW2ekhXvEpZvi7JNNIAI9YQjZrSQD7qa6ckqYpO5JoNqd0Zsv2hPoQETfzJCVXgPqIII2s/estUibe/hqSvEhKSFA6XAAUA3xFJ2iNQPTJSlX8yUgKyUhbPv7J5RDY72BcjMkuBqWGPdHmLJZ54/lzfeJOSgAofqqk8GjRNpWGEyWtBB0ivBYHWGBpGxzvlLtgTMUx2khjseCWeXaAe2QnHCZeB/Szb2heRapZo4fWWOpylMRftRYwISMy4PIhusETQnWdbj4W+3oSGbhBbNLmVFA3y0bcAryhOV/qFQFQpesJu8iRxHCGJftwKb+DTM1LHYlBHOKI0bGxdJKScgo9KxwhQOCRoLlJJ0Yd8XRbAR8HAj00XlTXoKbdPrZAik4BVCGUMGz24HeHgiJTpaizmAWVr274tNSqt6W40huh84zSlKlfw1FK3+E9xPaHMaoCakywksAav2TRxqBwL4jLhDVxIFXKSK6RtDeqwsLYWuzknQ55EEd0OpAAd3TkTiN8Z0kDYgksPhVmMjpbf1GcGsssTUGWo9sPXDGnrWNUEUkpIIy+IaRkdH7wFAuzBMGDspOgjPVTujG40ns+09piDUihyIJfDXnGgj1sYHqownOlBMwHIuRr9Ugsqdj6cM/c0FRu9hp0QGalRoRDCBW9iWijFRfLCNskpkvSWGDDuMKzVpSGujaoP1oDzjVUmvTR61wuuUkl+BHdoEMVZYnEnsoWRuA4kw1ITMwKQB946Q6GABNT6y7oMlZyCuQ4RZipeVZhmK6lKPWCKs8tPyF9/wC0XM5b/BxUT4QVF/6Eh8zDBVJbD4UNBb+lJbWR3xAV/lfV4tFSFaBtxhiX96MgTqBEVE0nFJ/qfkBHLxGfUdY4976RrcmkQETTDh2ospJalNtBAAkEvefYf/ruie5Scr33P5xvMDn4cfVzP/aJFfcJGQGwCJCq8Qi1pni6CZcxiykmh3ZpqM3S9aRkWwk/wbVKC0Y30uFJXpyYltAdsYzJftJXwrYnJTY6Ac0HQXYHMRoot6ZpYumakML1QsaF0fYoDJi8Z+NM5MqWhV0zSxLhagQoEaVJe/lUgEZKyjWssxRa9Ml2hPyqSb0xJGt73CuuE7YtBotDNilgW1g0ej0pvwhez+zrxHu1B8iO0DuU106i4xrGk3ZlnRMABSda8S+tgCCNfOCS/YtCBOvp+m6X1tgcPzGM+XZpiKqmrQBimYHSU6iJjAQ7IUG/hz76fsI3EsBvhgXHsq4aJWnTRaUgbR2X4mNGySATitJyvA3X2qAMCs1vmAskTTsMovteY/8AbGnKUT8VD+e4Oj9YojMiVSq31BiNjNDEuTdqLu9ABfawhOVYQohRRJZ6dl2GoBRGitNkNoUB9Lb243WEAH/Dk4XR9pIfhSOgNiCNdC8DRcKgxQDqJ8R0g6jT4DtoRBpdlpSMFtqNORpAbXYELyBIq4odoIikuchsQHOnxfhBFFKqpO9KqjTR2I4RlFkBaCAp1oZq4gbc+Y2QVNnDH3ZY/TlXJjQDZDLEhnenEeMBusSz0yYA7vDbBuEvLmMMCG2un9JxGrXFp8pV28gAlmKPqGgbsN25lbKF7c+nUoesYoQwuvQ6cRvzEZ3DVJBvS2xoVIJ0gYHXQxX3gCnHzMxG1jzaOhJSo6DXfpG3PW0U9ooa6pIzO5yCeBHOOPWsa7hgY7LwgUpV5KecMDXG8Z0GYIAuYkYkknRifAQzM1QnOVdJAqo146T3CEOe+ND2UDCrk9IJ74M7qOzDhjAfd5q5adkcJQml6uhnP9LwoYTFnBJba3h3RcpU1W6nv6wqJ7JdyNaiEjleiG0LbtKR+m8oh94PKFHAgj5OHe8XRKOLNt8jAkHWTsB72iJnAfKRtPe8IHKS2KaaB5mJeOBL6gPKKpSpWgbK8yIkyzqOKy2gE9zQp2dQOWG0+JaFlTUKrfpoCqHgDBVWUDTzPnAFyR8qAT+ZyeJMagVM9Azl/wBJiQMIXmJY1F+6JDE+O2uShXzEbH4g6YUMwsEqJcfAtNFDfn1wh2dJAwF5JrCipZfs1DYHGKNH7L7QUvsTZnu1igUtIZTfWCKH8ya6QcRpypi0MopSoPUu6TsKRjtLxn2CeoUVLK06Cx4DCN/2XMUT2JC2pindRvGGA5YLWCWvXB9JbHNiSfGNFE2SKG+Tmkuqow7KcOECPsoUK0JTTFVVVyCcTvg6byMFTBo7SUjcgkkcoYyaRYUqN5DpcOOwEneVDlBU2JeF8JauKejE9IRNsQA/vgSBiy1AHeSIIi2lQBE1R/NRIpqLc4omlJspakxzx/xw2QwizNUknYpQHDB4y7qixKwrX2OXjD0hYSHuPsSP8CYzpNBX5DSnpjBfxDfElt8BlTb3yKG/0RHVJFAFMcgXPJ3jKFBQQ7Hf54wmLOn4kBArUpOeFRhBSlsW23iIpMQ3aSoh8wp/3G+DSoQAK8Q/7htOMElKr2qjJQNW1tjtjnvS1UOPqRXbTI6oglubyCx0jA6lJPURkuhRBehGBbPbwz2bST5YUkNiMK6abxqhIoqcQcSM9Dj6k6vKC2WeAqvwnHeMQPXVhOlBKcO0jJ8U9+3ZnFFm8laTiEqG0FLg7WI4w7aZdLyTUVH5hoMZ9o7DTEtdIc7K3gdFPVIxuNYb9kkGWK5AVxwevWH0pf16yhD2OkCXpYmuoYco0IePwcvoE1RctjloAiihdoN5Pqpgys3gRl1c7vLxjQIWpePxNp074zysO0tNcz/9Maxsqs/1M2iKhSUigYeneGJmy7KoqHZY5liSd70G0GNFJKC3Z2EgUOqED7QJJFSGdk0Pr1WEpntEIJvS06WWp67zyYDGNYG6m2ocgrBbQAAN8NS5wLXQG0kOfGPPSPa6mcqSE6QABsCiquyCSrVMXm4wBKi2tgD3wpvTlqPzEfalz39IEqYRmpW4c8IzJmDKIbFnZwNTjmYUNqSTdSHOm+5bUAAkDaYYGubXMGMsAa9GwRyXbVqe67bOmmM9F1NVlSiTRKUgNtGB2mKqtylm4q6rQlNcHe9k0azAZmWgkkvHIWX7QALe8AbIAMNVEkc4kagfMxJKC2KDkYPLk1YY+sTEiQY21LJLQirJJR8SlCieAvEvoaHl+3lBJKR2RmQEpbD4Q6sxUk7I7EjQIfj585ZCFMe58nPRtkXPstQJEy1KGlKQSTtJZJ4RIkAaNh9hyEi+TPA0kyhwYKI2QazyvZyiwKlZuSsH/gBHIkSbEqRJb+GlN0Z9sHrXhDQCEJdro+oE98SJGVi8mcpQdCydZfLSA3GLqnzQLxAI0d4PlEiRk4vKtt4D3iW3A8MYsbC5cdk4unP7kmkdiRkgTk3SbpukYtoFMMCI7Z7QC9LqhicjnhsjkSDSYtCbyXDOMQfmDGmo69VYTtVmvAXCx+U866tWs6YkSBYN7Ptbsk7UnQR8SdmvOL25AuTEtg6kjUGvDh1jsSMtF/8AT04GWsfSopGwM3IxtJiRIzwXJ1Qq2uKO5Jo2AiRI5GCs85gsljXN/wBn4iF5oDYPR21Zat0SJCmROlmtbo+ZTOW0JGRx5xkJKUrISAm6QFKULyiSWwwFc698diQpWwy0zu3dZNWUqq1AH4jkkUPZqdcaNkshXdKSbpzJqWpWtc6NHYkazPRpj8DLI7dU50PV9WDb4kgpqJCEsDUsAlB0lPzqfAtEiRqAzPSJaSSSVYlR+IluCRshOZMXVIuocazxOKtlBEiRoEPdA/Ms/qI5ZR2JEhT/2Q==',1,1,NULL,'2023-10-14 22:39:53','2023-10-14 22:39:53'),(4,'Mr.logan','paul','sdjh@gmail.com','boisplayedwell','911234567890',NULL,'iVBORw0KGgoAAAANSUhEUgAAAacAAAB3CAMAAACQeH8xAAAAwFBMVEX///8nIiL/1AAAAAD/0gD/3EwXDw/29vYhGxsQBQUkHx8fGRkMAAAZEhKwr68iHR2Qjo6/vr5eXFxRTk5BPT2VlJT/2CrV1dVWU1OEgoLKyclMSUne3d3w7+8xLS2Zl5d/fX2npaWCgIC1tLTNzMwuKSlxb2/p6el2dHQ4NDTb2tppZ2f/+umhoKD//vdGQ0P/+N3/77f/66H/2j3/9Mv/4Gn/3lz/5ov/8Lv/4Gf/9tX/5Yb/7a3/43j/8sX/6JcWeRZKAAAXCElEQVR4nO1diXabOBeGKMWAwOBtvCd2vMd1PW2n7Sz9p+//Vr92tGJInKY5w3fOnKlZhKRPupuuFO/Lu5+Dz16D5+Ddzc/B7Ws39I3jZ/F089oNfeNoeHobaHh6G6A83b4kGp6uAMLTyyr53xqeno+Gp7eBhqe3gYant4GGp7eBhqe3gYant4GGp7eBhqe3gefx1KryUMPTFVCFp9kY3M2Kny2B09rztqDXKX+94ekKuMzTpAtSP+2KnyEoMPQ6wA+BvyybWA1PV8AFnlrLOwB93w975OduNgQhPILQJ0A8rRL0/zgCi5mzjIanK6CUp+EDiGLCCOFpdkBTyAeP3qyXUZ5mlCeEFPRWjknV8HQFaDxNR6fJDKue3bq9D5DAY8A8tRIyjYKlN4DkIhx5gif0SAJG9+zlYXsPdrzMhqcrQONpA4METRr8XwRj35d5ajNKgiig/0haMk/4qeLlFEx4mW+Tp/l8/tpVkKHxdMh8KzBPeaBey/qexpMMpLsYHDztxrmC+1Nn6DZHHounh65b453lxfliTPGwVq7n7PL43nhleN/dEDNp0z3pH/Pa/L0H5fLkgV1eqJUY3h8PES4ruBstllIVWqJBzFxu504MDJ7Ggb3XMU+DIEbgV2II8FddPMWRKNM1n6ZJoCBCE3EzXpsPEgD+WNLVb8URvQOMTsU4JikBaCuX24Bejqbq461TDAImSmIYAP+kDp4Zey8A6ntJwD7zWFyb54koy4/DFBE2PXGDa89aBHL6+xEEDkQbg6c5iK3dTnjC6mrDv+qPSK+4eAJLUaaLp3ZkoTcFftt8FM0+UBStC6RBoE9hGR1Ww0gttwWKlklYJpHaA3GULJUnzkzkRMpVb8F0OSgM3xwERm+GAa/+kFUgGLDHp6G9K/34YNp7wySBMAxDmEaJ1I9E7q2k5iWsT2SeIECDirwcgHFRZB2ecK2SjWVODYqJHpwc957P0/ycmOM0TqbyyJhW5KnVtw9hJ0+9Ojwhj2nbHY26x3y5ljjArSGCd8JbvaKPS8/A7XA12KOXR8dcmvx1eUL1AgPjYb/ov/hOu3c1noYAWisEE6k9FXlq+fayrsWTjOJN0ZqcVSdg6lfiCdjUuPcEnlBRe+3ZNZDvanxci6ehQ+jjkVMQVZGnUeoo6zo8yUqzo84ngjMrLN0bz6SLubWcizyFRAFDuZpcuXJs5cGZLtSbV+JpJ8m8OEXeRyr9TkTbqvHUAUVRCTEekwBW5CnVEJh2BDK+j/mp3V4O9mcgyVdMqdw6PxxpnY3LBxv+cl+yhi7xFB6JQbsdAUnsFO6X8ll280V46ouBkoHNw7K9fIiBuASFWViNp6LTo3wym89n69Wgi/zK8DJP6VhHbvK0TSEaShEaTOosTOhtrp78OKMXxsr0jtnLMKvBUyLi7euukDy8fPVRdjdZKQVdh6eTGJbRmRsyk74wX4QBW4knMbDSo/zQbIkG4yWetFFIofM0cDhQgFYd+bq4rzJB3J1dpMewKLI6T3gc8PIS2apj0jY+s2jjSCnoKjy1xJdlW9VbiIHJGlyNJ65P441enTn3x57H06MqYQQg1Uf9NDhs/PCchNRqWDseDxZFkXV4Qm4k7xffvJjwf6gmy1V4OnEBHo2V5/Z84EZsQlXiiX80VaMWMp7Hk7coej6TlTf9fq8/9hZIry17G9JVsm+WFQFBGNSwIxSevBX/Pii8KBaxgl3elkAJ9lyFJ+7Ah33tfR5Ky5iKrsWTNvNlPJMnbwwSpGKQjRL1jpIQ5NXEc0gYY/eSqRH2tz4g70agL4/3ejx5fdYPaWHysQGAHlzSd1Rxcg2exDw2CpmIO9RCqCX3fC2YIeG5PHnz1XLZ7qxxV8tWQiqGhnC527LUw/WeDztt9LLa1Jo88cuZGNi8pwCOa7F/yiGLijypxoen8rQ0vipwiBWiK/E0Fz0Duo6I5bN5krBX3BY+S/hkGSvKKXEFu2vyJCJ5or5Htty1Rf8e0caksiNcjSe4X8o4BQpP3EEzglJF8cxtq2mX+xCA7n3HXO528zRTQfrVzVNreJqqxl8GxpIn29mod2M47lgjEjV58rh7yY0FEVLEz/H4hzzoqvHkw0gGrzzjiWshSxlrVkBGXai6fi7+cpCApHvSVjycfi5QQWpk8rT2u8fjcboBIDAWowLQpZN/OA6NiCV2vGEfv9xXwj51eZoW2RcEXCQRw1iQJkmxijzZwXji1p4RjC8mOIsrVowbdXUHJ4zAVG5p1biRi6cOCCGEmSPUBckyTssSsadtydC7MNjKBdbliYk5oYOYYcHEThfK3UtwDZ4MYVuADw3mE1aNl0/N8GUI+oX8ey5PO2B9XDARoGceHN4wQ6BE5+rytFV5mqmmA+92yYW6Bk/8IZsS5zyltP+rrj/tgbk4HgIhB57Lk9eTjAfLMny6bXUsVIbSBFPd0Lo8dbnco8QwmzMO6d2W3rwr82RaQ9x2Y553ZZ689RmkhtgBvLX1ePpq8rSLUtoxSPv1LBMHAkvLo14AIkiakAHVZqrLEw9FsRYzCZvyMAGbblK8oiJPRCQXUHmK1Y/K4CEa5kFW5wkn1kUgUiOlMbgUN9Li5bRVfxGePiifnB+xmeGP8k6r8P/KgXtxuNz28Yt3Wr/X5UmoCtIgPneTNU2Y9jrstcKFqsZTNj3KYHqO88QnsV4ZqZ6QhlQv8fSoXp+1H3oRjpNzBGzAuePleS4Hyx8I8V8sPCHhMhOSqxpPwtmfzwyD6aYeTyKEGdAO5AOfm9XitzBWruHn8vVPqK9QFnYN69ARF8uqhNxznmy+yaw9EsqKZ/jU83P/R3h6b7uFMXEmV6iI4cmZ00VospxD5eCJD0w6fOfucSI66hpxo45TQYkasCUxYY6qElL0siPt7/Eg3CM64+rx9IPw9Le16Nn9xmKyOIiKwH5iLeUDOejjnXnDzpPoFtqvS/fifMI7/ho8iQWjQFtJLmJnrP94GqNaXqvEsGdP8DA1a289nj7hXrz9U7+87py20OUkOZACMMrbE308/k54+p/5aTtPQs7RgelK/ETIzuyVq8TLxcq+pmB4d4pQFY+IqJFAPp60NDMZD6lSkXo8/Ut4+qFfPhT5gXWAUwl1g4l+4Zv5aStPYl2Oij3XchhtEPvUVXgSfMRQ1jA7MVY5f8K/lEPhc571x1dcLNKPB0ufNJ/oaP+iX5ZylLPLsyotwupi2VPgB+Hpo/lpC0+7nhBzlAQhdDIZ7BoXUddZdxcTOZMq1BHRMSjScEUeRZFhu9uIa2zsHEZtjaqd0IC0mvV4otrjN/2yyIuFYHpyrK0LRPlCiEhgxJv/cmlAzlO0Igb3/LHdLfJG2IKw8NT6MkQmMC2I85SsWxpoV1fjqYjDxKDXwZ0870yLTLHCjmuLSoEukfKzXKjxkKe7TJFkOeRSYLojAgGMBzdPeitIO26shrk3AUGYpQnYDnGObClN2JSd3/vohRgaiXfOD0ipShELDEdFICSkXizvY221gRvRzAITOR2JFmkGdXjyloWMDRMAsT9fGLtydnqRZA8TRGRUbD8q0qSwl4X7L+0fx8gfOsJiYm4v8KTHywHAASvqQP1h9OI8Px/2HTIiV26bizSKLiAO897d0TT53tsnrFeaZ5mx0ctlEbAvCTDP05V749fjydvL41Ha8oCQLKRXJ0B5TvpRZBdxbzjOYBoEqaTsuWSsl2dJDb4bi5oXDRqX6XJSu/6j+/WPLnOvhCeY0rbszL6k4Ali1Nm5Fk/e1tVSoCwAeK4egUUsa+qyUxMe/6rJEzUknMcht05BeWwcIwNb5/Zc6khbzAgnT0g9MBXM11wjPckgV25cjScvt2Yux3p2rre3EpX6heng4qnYFVSTJ6Y/7BGJ4YO+zcQBCEaO7bnu4u08hUkgOlREZHUrV4RGiQ9zPZ68CTTaG0fQlOb35o6BGIykHjhb08szKTewLk/UHvtu6+OV0JAZsOfIFzo0BGdbEX871ZPJE9nJ1S+6k7fEklx1kMPbV+QJMRAlMgUwicwNhwizkbpmAQFU4ofLPki0lOI4BWcpp6UuTx9dcR2EkM3epP+4s1nnURtpL55ZYD3u49uNU/0tdbMmPC/assGw5TfMnWsDfmvhYWnlAn60w3+owrPFLxsJRiucB453BwYRSLor/TbH49gHSUTy9HH2g9H6eWd8jnBJtChkGS4U/27IK8CFat/ZDLJAST0om+GMy8LTJQV4SJ3MUUvWgIYHzFQI7JmfNyXxQ5u3Y71f9q6lHK1ERyllpQ/b9w+L8X3b6jgX2HWW+QI9t3I+t1u3T/niYZEvzRwfvQLuZtAn6JLuJ/t38FLUA1YPrY1lPlHPvX1Ao9J+eM4ft45FjQa18dGtQjAY3Wfr9jjg2vbMQJTfzT/XrO5/Fkzw2WUTx9S+PS4uJ4oV/ftV6/ufBXFxbv4qeWJ3R2mSyaIudmxR8gV+lE/VBrVAbWf3oi4yJ9h5RnlhSsM9WxoiJpcDN26bv0F9fL6kRY7YewrBqQj+I99zR3J/08R9Utj3xoq4Kj6WmOYUyzsAphMpBIlDoK0FdmBKjgG6+a9YEfN5pZM9nw0qn6p0aKAu8pdW73u5PJ2MuiPVi0QXtJMjlqNuT3M89t3u0dOw7XaVSGnbfA35xqh46WdXR08VDMOedG876Lia2tnThYjewJZptNBquxoZ3+12R8IYm021lqDyUbV5SOTTxQnFwRePLXmjBuh0MtaKRQUAVGMELQAjbf0qT2CgHUB0TlNj0+shTZWwwgwVbSxYaqWHUIO2HDwB8s0gAep+UP7UhsePwgBszU7pBWptl0D/LP5yEUDcRlAL7PgpLOKbtEttqw8aWFAuswbzVFyYTjjwpgXCI+vREIna49MwPnga+plWIXRBjwehzylOhB/7sXLck85TgvenMOA8ySA2JwwOsGd0nRNJmjQ1dPUoVI+PObFjrFI83jOe8lrwNAfaZslT5EsRxk+XTD4OFqku2R8scGE6VeZJy5SrxNMyMjKQj5Al8jP4cXxYnmSoNCCegtNwTdHGJyaExjw+od5Izqtdy5sP8wj6WaJra52nzn5BsUVP9x7ov/fS+t0pkXnB4WKFN9qp9misDBZmNlaETPxzifrKPKlToxJPaFgGqqpDFU+VZSQ/LhcKiCc5E2qI5os2s8k6ZiG6W1MonXfMoPMkv2vZu+iRTDhpHWefqkeeMCH1b1nNCWg0NrkQL+Lr7WWitCpPqH/kLq/Ek9k/SGCrmXk1ecL51HqXo05Udt6jquqz2MnTDGi79qXvpFvpKahST7P1L/o6TD9B47BCHe+c+SscFXmK+5nS+mo8YVoUfWN0WF2e8GEj2oJlHPuB/BtJW73v6/OEE6PFiOqFem4IjWzb8iGVmoj0XnfeJwFzyexReIqKPCWPiXQoQlWesJiTDbSd0S21ecpTbbagb4SKMTpD5oTmMzyBJySzQ1azDjDzqL/eXI6ZSoeApHeOY9wIPtDZWRrZq8gTaLWBHxW1rcaT14WxPNZPgT4wa/OE66LzpFmVj4+Pz5Z7eEnZZ9sONzHPUSzAFEpJ18768kp5CEpsCbqeYUk3k1CVpzmOVhVCrCJPmhl+yDLND6vNE1bpKtWJYxuNhKfwhOkhe4GR7WdZJWe2uZFrztAaA20BP+m71jH/vL1gk2NU56kF4sI4rciTB+RDJlCv6CZqbZ7SWE/KHoVIIpcfn/0kniZU3GG5alMvv5VIvl2emOvumeOwESb1bsrjG9V5woceiZOtqvKEHJSiW/PASFqqyxMqQq8d3usYgnHZ6vyTeCICZId3glm2ofJUPovkmy+7gLPEjgUQ6ecb4zxxYevZkvYk1ODJO6ZCilXlCXVi0c9pbFioyM89t+YStPsqTy2csmfkpx1xLlMK0uPSxdXTeEJWDzxi08ceTvhGJZ/h8+xEtloMFuTPohzvAnFFN0iYAL356qoFQx2eWoHQqFV58oIYcuML+SSJnjiE40ZyUo/enYindLwiWA7w3+yJLbpiS3RBDCN8OI6Nq6fx5A1QVxziOCr9kyXmtjV+cFhyNyQBCeRJ89MRYmOQsWl5QerV44lYqFTdVOYJiw3WTmwC6Ld9NS8n1AvA8b00IYgCHN5LbPslJ1MQ0UBsGBg7yL0n80RGke9cK2c2nxns6SdIZQY4P4zwhPt3fQBhHKfAqD1l6XJooxZP3pYHUCrzJE2iRNp1zYH6Ibswn9gJwykmIh47xvauvfdBkmZkzBrbVZ7KE1Z9lrPLOL67VNTyDA4DXNN54vN9Lp1R5C8Mu5T5YZdj7/V48iAaFLgClXnywphl0mIb3RhOPrp7QT+Fx/EDxhgZyu4+83AiX34mW8CMLMan8oQPSrDvu6Ngvey0qNc0fcVUShw/LrphHDV5wnEvrG+q84QDCOTlrhYqJ0A8lQa/sB3ByT1FFqI1zE94u5Tet0/mKU/L1/iY1LIHfJDVww8NPNgjsX+4JKeJmjx5i4B4fdV5GjKnaa7FkCiq8MT1DRL20H2CKMf8kKkHA3ovyBOzAmyhhHku7Zyz+05cwV0wyQkMnlrlPGFLGlW9Ok/IrydBCCMmy0qrzpMlFmEDsqSVYJX3gjxxFWXOiBZQPV3L0jZzcCsoJ4963UpNcex0oT6j8DQkQf4aPA1oUO+cmcdT1+TpEVRaGu0aIfWX48n7n8uu1jd+mCOMJpi5d70pwM6cYoUNzaorPHk5mhidUXWeZmQtbmesGRLU4gn/NSGj2/aLhSblxsa0e0GenL29xsqJ7kfFVmhimLpfKnpODMBX1XseGMdAqTyRUz/6cWWecPT1QELllvBLPZ5MZYo4iFJNnuKlo582n4T0MgIKnRQAiM/kj89s65GCb7cVlkYkoFbJbceemV41jSd8elnsV+eJrGYc4sx4wavLE47C+toTq0TL5zGSUF6WJ2FLmGrm8ZGcEwW83dCIE7NwkRnNcAEnbUrm7jSUFpwZNJ68AflzvZV5QiIv7EJ7NkdNnu4Dc41hk/mBVEbrHBrnlb8oT/SsG8caBz7AzFbCnyXvODCFqKgx/cMhbRzhNTSezhM5DKU6T1ilZo5FIh8Zg5NOpzNZc6jCUeNpbllkeESKIL1jMY/WMoU+1Kv2sjwJo8/iRjl4+sM5B92Y45M9UhCdpz7+g8oxMDZZGjzhFJ8aPJHjoexnQ+G4EYneiciRahTo6xpbaKq5NYB+nIDpdnHs4xYEvi5lXpgnoWvMvRZ2nv6+dei0Usz7JN6c4WWSOLKcJWmuG52Ab6qbfujgiZwSZ4TKCXx9f6TmE0yAytMQGE4sGjZdnA6bwRRmeJ+0YVk9g6egEk/cdjO1jZUnHiOvZpFL6PQAoIP67t5SrRwkejx+CkCsP3YHgM1UQBih0u3tDRIN+nxCn1YGzsGsC8JwAUkLAAjHFqsS1dbIcCCYodIs3oLAGDjqreOrg6gVcnv0wctpesqOtNZwslp11o7la/v2asslV5uctxy7lUu+4yppRxpgD1e4a+aucrX7Au9u7ERtQarVidNU1XFqcFV8dhCl/31uQVOF4GuDFwDLkb0QVW1oenVwosp22DJLr9JSRoOXwQdOlDv/+F8+m5rDB14RgihX3vnHhqZfA5woe5zhU6ObfhVwq88WafinoenXwTvm8Jqxhi8NTb8Svjro+MyjEI17+2uAr8QrZ1W9Z+TdXt7U2+An4RsnqnCk/uY01YuQN3hRcLtOnNnynV+os97U4MXB3dnbd0QZCUlYtgG3wSvg9xuO370P3IKocI5Bg5+MD7+JOSRR1uDXA7fP+f8+N/b4r4kftzcF3Hs6Grw2/i2IaiyIXxnvuZK6KT+eucFrg1jkzDpv8Avj422tnNcGr4X3fzXm+M/G/wGx3eTTVJHLbQAAAABJRU5ErkJggg==',1,1,NULL,'2023-10-15 15:24:22','2023-10-15 15:24:22'),(5,'Mr.kim','jong','kg@gmail.com','qwerty@123','1211212121',NULL,'iVBORw0KGgoAAAANSUhEUgAAAacAAAB3CAMAAACQeH8xAAAAwFBMVEX///8nIiL/1AAAAAD/0gAhGxvy8vL/1hgNAAD/88ofGRkYERH8/PxPTU0jHh4bFBQSCQn//O3/5INZVlaNjIyop6f//fLT09N/fX3h4eH/5H68u7tKR0fr6+s6NjZraWmzsrJzcXHFxMQyLi4+OjqHhYXNzMyioaHa2dlEQECamZlWU1NoZWUtKCj/3l6CgID/4Wz/+N7/+OD/6Zj/8b//66L/7az/3VX/2TX/20X/4nT/6Jj/77v/7Kj/3Vj/9tTX/oq+AAAUTUlEQVR4nO1dZ4ObuBaF0eAogAUZ22v74YJ7z+wmW5J9Jf//Xz111CiOPZnJe5wPu2OKEPdIt+mKeF6LFi1atGjRosV98fTw7uXw8OG1X+9/Bk+PDy+Hx5ane+HpBWlqebofWp5+DjCeHu+Plqe7gvL08dv7e+P3x5ane4Ly9HT/dn9peborKE//uH+7LU/3RcvTz4GWp58DLU8/B1qefg60PP0caHn6OVDL03a+6NhHj5437D2Py29rebovqnmK8xlI4Ij/Gh6SBFHA0PPSJAK9bdmdLU/3RRVP0z6EyPfDM/kxHg5B1D0BnwBdPI/8FYLVIHbe2/J0X+g8TYsTcdYDESWF8nQGAPrQ8/KUHAoOjCfMWApG6qQSLbQ83RcaT2MwG+2y5TIbPB8ADH1f8tSH5K/oOEjoITgUPGEkAPT6Ob4tPy4iyJtqebovNJ6GACUpxEgT5EsQnlbsd5SyIz1P4YnMr4jeFoUI8KbcPMUaKrpVdk3FvR3XKedBin022O3y5dQ87nyCu5l4vMwxsu04Lm0gLkPFy7ug8dRRZa/xdEHqEZB7Ok8SaM2bcvM0AwpgdOk+55agKA7iool+fMEPd+1bnKfEAxf6tXkPPz7FgACNhtqpPr8jUg+u7WY6gxNuA9I2ANZDmXiRs9aPGJRg4HzvUuj26RyV8USa5r8j0CfXOnmiDBK4eVpCndUggeCQezZGiWhQ9/2noJjQBpyn+AOTkXpwl0qdjvuQgLVqYGN2B1qpd2zNZuINSAP1TfCLrNkcGev9GKQuOfnpTTzFMxgSvztM0qJ5qvey8XjMZBcdWX8KnhDWkwG+K0iKAefmaeggN4BhZvYqltdFfe0En/GBg6eOiyf+QJWn/QWaPQBzRQ1FDp7MZvapQ/ogdnUxM592D54w/b3DbHbojQa5HHKEJzKp+UARkpOiRJPsuDjh2ybzpWynOU+4AVMteXnxcol24naecoDsHkR+oX4b8DR0tfFjeSrwLFQPi5/kDE64UKXI4dJx9zU84V4b9mZS6BSghdI38zRw9yCAkqh6njrQRdMP5Ulag04m+yJ4mrMZFnDTLl846A5j6/5qnkJoeJWpJt2xIsxwrp65ladtoQUibP+hGIt+4It3qOdpJKx4JD2ioJanBGq4zY/oYAfrPBrNTxEohkHAB7t4J0R/FSYE63dw6S1Gi/MazERLlTyF5wwjH4wuUoGAnXJZX3VngOrC3shTLN8KzI7b/TAbQSlzMR5qeZJvDjZ70rfOOOtPMOWVPCWjTENekRt1wchHAD8IkyRUXRncH3pODnLWH12FIXobQs14KpyD7VrICSjZ3oCxxwaGpiFu5EnMBARzfkE8kq/FFWwtT2JOgr1yRbxcVPJ0rZ4zYei90Gkg6Rtg84QfmUTcVe67XPikmb+nOnFz7jkpx7ggAmYhSY5K4jaeuOvuo1SJ2oTFEvq8lidhpzVf3yMhrauLL8OT08wGJ3JqAdItliaOAwltsetCJdppzJP0GaA8wgxhOOdiVUOo23gSY0ubCd6zfrSWp11qv4Tdj5flycPxW5REJMZG0say6LUzJWf3XkzFNi/Opj4J7sldoAiEmvMk9Kl07PiLwoxnq9Srb+MJcX36rN/JX4U/p+l88kPHupzdxRfiydsfN8/9XY5duJFCFJfhPuVXHYvphOXZ2ebH/vNmoHS8OU9ej/mR0ZH/5nLAVvHINUypEFQIns6OBzIByxFh5Kr4BOE5r8b2CYW5K0v3g3gqsCl48oUbyVXQQtF6zvDpGp44L1LAB6oIianjggXFE+p5QpNcAdd0TMA8eg6MnKE0W8wRqPfLhdOIIOgdM9Nxc/MUHccqrk3D2jxxY7g9TrTUCDwU8WaeaD4EPA/2sXIvxRU87YEmGUEOed4aGVOknifsJCjgHWUC5qTZhsVn+pAZqHqejkrMQqKw3k6doCXxU6RlYd3Z5wqYPMUArWcr3FKq++Y4SPJpL6dzYIbjYYovn81mUMkqXMGTGM5cvXFpUreCa6TCZ2/AkwtMwFyRp7l56ykohkaTvNE60VoPUtArku5N8hF34QkhZ1rERzQWPbnzvz7J3irSu4In4Tpy28dtErX1nMJCud/EE0+o2Ip6wU9QN6gBT52ZKYSwSFH+GJ68buBoVzTf8ZYV0oDHopnv5ok/ALABypz2Iny+C09Wel4jsEm+3HsGZviYzmJnF1+KJ5ELJisqidE8Wo2s2ZSClGfWw/D77JOMPumvM20NsR/S9xMBz008PTsSHBSTK/Ue6fQzBJE2pKOTs4uSJ6Tgep7+afl7yxRAbBxXi3w6sogyD2BlPx2cQ7KyCQ7qw6/gifu5zC3mbymcdD7Xoo3nFIIK6UdEChKVp6OqUlWIQHdc/KjjifS7T9KgkTQSPHos4emyUhBdzxOR56/6sW223FPLva8YoqJzrG/7ZabF+N4HytMvxtOcPO3U9RI+gdDkRNETw4FfW8+TfmqoLsRmrqVa5TVZRkQoNEe/k41xpzdd9mUumeerS+Kn3O7xNfiDyPOj+9z2UGGrOJKFe2j8Rnkyjzp5Ys63n9KM+Yy/NAoY+GOETbkpHyHjJL0iwtswalh6TJSCaGl6EQQ5U0VLkRRlt7xMnPsvIs8vjhPj3QrU00Sqwk65I4Hynm6kNo+6eBKeCbVBZTNYSP+2vNEBOS6RCpMNFK+nGisObgBklt0QlXiDsaOLd+LJJc941z8nIHV75zYCiI3Z0XCi/iTtfjWf5uAp5osYTBs9WwaQg4dQt/E04LZCVttQnLgfxI17X6ku1Zs28rcFOP9snr4MT047AqKiHqcRUALOehPUjzTsnounzpo/CtIXcS9S+3Kw38aTXCZUEsbegruwYk1GLi/l8pIz7yO3kpZfz/XOS84nj/L0Xj+2UBaWK+kBQBAKjM7/RZr9bD7M5Kmzg/wdmSMunCN1hZo9gRv/G9cJd5KoEdfVw4OINKSvLK/hPmenJ5jkrQA4ylRVvxH+4gvaJ+8LEegfxiunRP2EEGym+9IRjmV3iIdnlmCCpuDoZz7+ZT6Miw2d+gSjCZDhGDMHPHUOsqXElg9mTamgdV/DzmvGk3cQ4yoBveNg0J9JG1ws/B9Fp9J0NBgcz8VY5ClX4OPYcjXaLffT6XQ/WIt1DvZkN0/BWe/xpnSnSwn+dimoDin7P2dkfJTTxNzU6a6LrzUdIaZOP5XwxGOcRKkqomOXO2R6QlsrlXQGSREdJY14mha5yTBK0yL4iRS9XSxqJ2maShOQikZom6TCm6ZUpR3naf2S+CnQehxdW8fCDL7lmHkx0wKdeZlhJ+CJoth2zUtaLasLAyww4ZGUoSOEvVCEYCBszBN2KJ3uUTqxbzIfIsMu90skbpf0TnVh3ic68n9znouPVurIeNrFsqkMvz44w7ISCYjBxXcbGFmVBXeKM+8OPHlj5CjsMLygzEFm4kuT5OxDcrkiv/c99urBYaAI4u0IlOTGCyAYHF0VTiWNunjCruJUO8vjTYmtcvh2nrx4AQxv1lZC29QgE4FTEfc64koEeuL8S/FEDZQj0t2LuZREjlAqDLinhlJg3/vNbZ6w2AIV2ESAaCSDklFKj+rRDUYasuNTIoTAgYjxVPxtPjDVEnPDnrK6RrwlO06PN8X+LxJ1XNQ+7U7YKimVWSgCil4R/eCjLXP2OLjaPnmlX/bqRWykLOKOTdPZGx/4CsTOvvUfhPt39vH9oavivBkokWPMT65NsfUn9PhhQMKtrgMTEvrwUxOtVn3I2pwYfg51ftj2mbmzyAE3l58hv2Y1Mp2zeHucF3uEZprzZvRjeXD1uOvcpVINytM/7eNxF2C/ZEb84YM5oWg+ewAhnhBWbtJjau8lvkJ2T0yH2+3eXTIkL9lvt8PyWobpeFh5/s74WDL48Vg49qmv2bftFCviy/tO68Sm6LeX7PT/IWqlunMZbzPprOKvUuZb3IAHtxMt0Kc0KT4OTyg768EIPpRp0hY3geZMy/amxxPqWCanlaSpxwpdnJaJgHoR1hphi1tBx3+p2d+AECG4EskCkubCLjvCzmrJhKJL7nauvMXN+Fg5AZY9tD7GMsQk2bfp4nJZlO3g+fy/5UXE4/3+6nKGlwELS+v8aJ7Mro2k6XSylggpxkBfa1sk+lK2ed7LYTDzNPSjRN1h6COzHC+D5Ks+HFPDBQKaI16kYf31fOAiI95N2I7Bnp0gmwSqKBwr0dLVwuf0YrRj9B0lRxhfm1gUUaNVsxPuybWixWHzlJo8BVqViYOnVOPJ+IlxTtKijpDwpBVkaTylyA9ChiB0RYI5SAOURFGIQnAxF3MnIWzIE820KHd2AIKO7EA96IR6+Lv6It6TqPoqZp1cFReeg6fQmk9+qoorh8iaT9qOXdwpreKEqGdlJBGekqioNzfmk494tmCSgMCH5tdDjsBH4DLq9+cJxH8ZWQl9Pg1FdoKoHP6n5CmGvjJ48PC0ap4agk0oOyGngtXSBY5PoaigmfKS6dSIJy0yq+XJmyG9uiRP1Q2IU1A1/yPlWdtDohX0erTCJlxtRUdMpWnwFE8ZOgG2DB32dzGABlBZBSBj69plQo5vFUZFglZM2VWKVzTUiCeklM7V83RM9Qx5V5NeLU+KvA6BsqeRYIXQqtjJD/xI3+mp8yQROAqjPW8dFPp5Eri+J9MMH90L5SrGYYP59OWhfDmrGU8XVR71PBEmOpU/m/K0hXrncGdUH2UTGTSW8BQ6eSJziM/dDHxHfbkAi6HsFVjlSXx1I5lUJB7/qI6dGvAEl6pWqOcJTwNVXMb0uoanWOeFrByplG+xwdGauoonbJMC/o0uhNKj44KG+FzjShRrnMml9M0Z2+WOYwOeAHbhUCKGQgOeBqlaT7HSzdU1PHnVPMX7/V4bodfx1IG80uyYIt9xvjEeqhyAWN3piVxLThRfyxaHOZrw1MGyjsQiUgOeOsAw0aowr+Fpapj3LRBVg25cxxNxJdKYdbekWKEZ3ldovoFRJwFnzpzRv6t8coJmPO2LV2nAk3cKCj2yiUJtnfAannapzjHxb6uWXa/kCXumZNvJIglPztONQT1qh22ZHiNrjR+BtV1VzrVemRPhNeWJbIBNWetNeMLXyGgkMtL4V/CEp0+kf7eMbOqHQX9Zsph4LU9DMvHHlR1qhgenz4fE1rmEf3+P10VA62tszNezimAVNOSJeLGsAqgJT52iUSxr3SfDPIWLjYSx/I49OMZT3NlixY6gwcgZsO9VHTaZw0G7lidvnoTnXhCVLTM0xnvnP1Y35xu3wIImJFBn5qymF/90aIXWa84T+T9tvQlP3lm2skiM8I7kI0JZ3Jiu9Rvxm0X8810w8aPUGugDfBwxrmaWqbqaJzygwsCPbl+n/9sl6Y6PHRQEL0uaMSdi24EIHzEr/39/rM9pNOWJFILTPxrxlEEkv2FmLDMTnqAsOAFGtgbzxPN7mIxo5BJgNrqwz7YhGBo0Xs0TLW+3qqm+B++oqA3nPN4Qa+SxyjREkjKdvg9mRh+5cfp3ZfuNefK6IY2DGvEk6dFS5RRT4mvvhwJGKjXyg978jDFfFZ+DsTBd9iekOtlMcV/Pk7dGdWm3ZvjEhP2n8+SelqtGZ/e8pcbp4T/V7TfniTgAg4Y8SXXXC80df9PK2L/I7+VQbi11opOj0A91GX8HT+Y6znfjz1KXLd7wQDdx7qr7tTafQdCcJ/LlMizhZjwtAZVyx/alankS/h4s2ywoEE8C/5Z8BMXdeBLyNjMK077ywQR4sWoTP9e65BQmT/NynvDkCCcNecJSJu74IEWGo9Ccp35k3Ws3pW+GflWemImyvLZcWwWzFiN/r9KXCvCIh2rI3w10s6DyRK4dZM14ek7IbkAsONMpa8zT1HJBPPOj/QekC/l1eeL+gFEmpn8WMTEi6t8eXf6HC6m2XkYyarl6WuWJjI20nzTiiYSQ9GaTk8Y8Yede/yIc+Vau7pvh0OcN8cRXkB6Nb70tQZrSfQoRTCHSX/0DnYJ1q1cU51BdycyhIUWNJ++c+InfiCcvQHC5i2xnqjlPW+vKQ6A/GxilIa/ME8/SmXWSncFxeMZR2i475sYNTFXW+RAUGVDW1aep/vFXk6eYFGQ044kcPSDbFWjOE8n+6jLM9ETSIjEWdF+bJ55YcFibc+iqNmIeecN/Q2gV+HBO3aY4xzGJUQOo80Q/LdGMpz0O9ZFRKUFA4qct+TDhVCyLq2c1nsh3ivX7z1hLd7nRGp7waV3Gr86T9x9G1O/mcSdPXxlNDev1xlh5huDSOx/IF9LBs3lWH7OLqCFPdCuiYWAIjHyE8c/EaDyRZULj5XqAfHZwsdnMfdxtMwHz+jwJ2ZuLUYQn06PinFau2KsYr0h9bYBHf5Ba61iYRY2nOAxDI9fTh5GLpyMMAkeB7hRUbQ+DgbqusUlDcwFvAGCIwijB/7G/4H9ITF4porB8fWmRpjdnYTW8c04SzJPZtY+PNUuDNrI5ovvEJ0drwWC87s60g9vDxCj52B0m5ofD+Z3dg50pma6rtocdumvFF8dNrM1NKHF+pp0Ne/a/w3ieODebTbqH0h0Sm8nhhiV3B355cBGVAaNQkYfFtaW0JmLDULxpxGqB11vDBydROyMW/Ng4cGrxQuAFSAZR+izgNLVbM14Tnx4rK1s86UK0NL0uBFGWe87x1ZlhavHDIYhyp1d5eNvS9PoQRDlKU37hnnur9N4CPnGvz/oHOMSJ1tN7GxDuuaHdvvGJ9sY/5fF/BKHftIXDP8v1YYvXAnPrHh6Kgq+nSv+ixSvho+Gff6wNrFq8Cp5UNffhHZ9fdTUrLX44/niU3gTf1fHwrv3cyhuEYOfLZ87YX6/doxZOfOI1EA+tP/7G8ddjQVPjxdsWPx5PkqjWg3jT4EWvrWl66/jw5bH9/OFPgadW57Vo0aJFixYtWrRo0aJFizeB/wIWuq/fOb3+ugAAAABJRU5ErkJggg==',0,1,NULL,'2023-10-15 18:10:19','2023-10-15 18:10:19'),(6,'Mr.justin','bieber','jt@gmail.com','canada101','17823211122',NULL,'',0,1,NULL,'2023-10-15 18:37:39','2023-10-15 18:37:39'),(8,'Mr.jus','bi','j2t@gmail.com','canada101','1782312122122',NULL,'',0,1,NULL,'2023-10-15 18:39:01','2023-10-15 18:39:01'),(9,'Ms.dj','pj','djpj@gmail.com','djpj1234','1212341234',NULL,'',0,1,NULL,'2023-10-15 18:50:15','2023-10-15 18:50:15'),(10,'Mr.gurdeep','singh','gp@gmail.com','gp1234','919878788888',NULL,'',0,1,NULL,'2023-10-15 18:54:48','2023-10-15 18:54:48'),(15,'Mr.hfjsjfs','shsjfhs','shaj@gmail.com','19371973918','91181891',NULL,'',1,1,NULL,'2023-10-16 00:07:33','2023-10-16 00:07:33'),(16,'Mr.Rahul','Goswami','rg@gmail.com','rahulgoswami','918989128912',NULL,'',0,1,NULL,'2023-10-16 00:55:17','2023-10-16 00:55:17'),(17,'Mr.Gal','Gadot','gg@gmail.com','gg12345','17828827310',NULL,'',0,1,NULL,'2023-10-16 13:56:28','2023-10-16 13:56:28'),(18,'Mr.Robert','Downey','rd@gmail.com','rd12345','17818818181',NULL,'',0,1,NULL,'2023-10-16 15:30:55','2023-10-16 15:30:55'),(19,'RahulG','fgfrr','abcfssc@gamahiaal.com','12345','1234567890',NULL,'demo',1,1,NULL,'2023-10-16 09:32:32','2023-10-16 09:32:32'),(21,'RahulG','fgfrr','abafssc@gamahiaal.com','12345','1234567890',NULL,'demo',1,1,NULL,'2023-10-16 13:47:11','2023-10-16 13:47:11'),(22,'Mr.Quality','Analyst','qa@gmail.com','qa123456','17828822121',NULL,'/9j/4AAQSkZJRgABAQAAAQABAAD/2wCEAAkGBxMTEhUTExMWFhUXGB4aGBgYGBgaGhoaGBkYHRgYFxoYHSggGBslGxoXITEhJSkrLi4uGB8zODMtNygtLisBCgoKDg0OGhAQGi0lHyUtLS0tLS0tLS0tLS0tLS0tLS0tLS0tLS0tLS0tLS0tLS0tLS0tLS0tLS0tLS0tLS0tLf/AABEIAMIBAwMBIgACEQEDEQH/xAAcAAACAwEBAQEAAAAAAAAAAAAEBQIDBgABBwj/xABAEAABAgMFBgQEBAUDAwUAAAABAhEAAyEEEjFBUQVhcYGRoSKxwfATMtHhBkJS8RQjcrLCYoLSJDOiFUODkuL/xAAZAQADAQEBAAAAAAAAAAAAAAAAAQIDBAX/xAAjEQEBAAICAgMAAgMAAAAAAAAAAQIRITESQQMTUUJhIoHw/9oADAMBAAIRAxEAPwD6TtK2kBEsKUDMIHhHjKQHU36Aa1yGFYbWCSGFMa69+feAbPsZWMwpvEAKU1WD0TWnGG8oBIYewIz98nCLb80IyKiSAEuQK5ndGR2wFKQFK8IUoJQAACXZmGX0BjZbSumYbxwGG/AP5b3jF/jWaVWuyoTRKQpXp1NO8ceWE3v+3ZhlZJGRlbUKbQkhJuqoacCFdCOhjc2baqk0LnIDdh5R8725YLoQgGoQk11N7xHVqJ5DWNPfNxBJqUO+8Bi3V4u4zQ3zy2WzpxP8xR/pGSQKDnnA9vtalqMtGCfmVjXj+ZVTwhQm2lKrowNIKlzrqSxqXJPve/aDXGk+9rJ67qboAfTIH/NXaFNoUn8xUs6CvTTlFkyYVFsA1ScTu6Y8QIqkywUlas6DhuB1382hXFUukZIKj8gDYk4JG84PuDxVabUgaMMGGJzrmTnyjrWCRUkJGlOpPvSBpssBg1NMHOZrU8TpE9L7Q/iyosKHNhQcXoO0SXOIwI3qZL9chAsyeVEIQObMDvAOXGC1yEoHjN5W+gB0ADXjCkp8BJ1sehSSNwD8aYwOpBJ8Jd8jifUHjFsyaohwG0yNNyQwgJC130kpzFcHrUb4mqMpClSlXWNXBSccGfgzwVs6+FUq+QUksHGQOkWBUwjxS/jIbJN4pxwYBQ3p6HEwulWZZmvcUnFgxDDLHCClOWrs9uZgCGw488YdWS2an1/aM7YzUFaHOpcHnh5Q7RODCgHMj0MaYVjnDdFpGsVzLSDAAUDoffCILWNAY082fiPM3d6ecQ/iMmMAoIOXeLhueKl2VmhYWYB2ogFJetMImSdYHtqyUkAsdY1xZ18zRMTNtqECUEspySC/h8q8YM/Ec29PNaANHbGklVrmzlXHQCCQU1L40wprvgG1TCpS1APnSsZXvREVqmvOI0pAf4gk0QIoRaTfKtTFtpSZjQ5xU+QCzySAWxgSbaFGho0Ok2VRwiKtmjEmKmU7LZJ8MmsdGiugUADR0H2Ft+pFTsSS3pv4wFO2gATVgHx3M/Ewq2ntAIQAVAD8xOpwG840jE7W/E3xP4gIcBIUlzU0UEkAZfODrHPc8r07JhI1O0NoX1SlD5Cu8o7gCUciAOsZr8cTWnoL1TLVM/8AEpA5Eg84s2PaAbOUHFKQkVyCWHYGAvxDMBuTcCSJTbkn/ih+cL2vQL8WS0lN7BKpbJIxA/L3CTHn4U2kmfIQhVJssO2Sh8pbUO4MXzhfscsnEBSS+Vx6chSMgb0mdLmIcAAuP9JJveV7jF49WDL9fRPhELBah9B9o9tE+6FKOATTm3qYhZJ15AIruxrg/vWKrZMSSElxe044NAVRsSSoFaiz/KOGJOpJc8hBNrtIQLytPCnQfXfF0mUAl/ypHYYuOXnCO2ErWVKwGHE4Ab4nI48NqJ8azR6JGe58sC53HlVYBMmhS1ln0wAGQGn0EWJshmELUWlpw1L7tTQQ3s0kpSkJDZJGLD9R5uw55QTE7Q1ikFBupBMxVf6Rqon8x7Q0s2yPzGqtTgN7nzOkMdmWEIfXFR8h0i+eL1A4eg1YnHc8a6kjO5FMywI/SWzV9XxwOIyjN2qVemOkEpQQyQKkvhTFqmNTtCWT4EqIAfe4PhdTwj2un4aRgCAQXajYdQ3FhGObTATIurSSB4gQFCiVORRQGT6UwMEJly1v4nVorwnrlGVsm0yhQvVChdNS2Gr0GLekObLbZU9IUld5QAdJopq1SoY4H1hHRa5BSSEglqkOD5P6RXJtwBqwO4t51MU2yYUiqlAcD4Tuq6YSfxJU7qSo73BHXPdEXjpXbUq2uBTPd6vFkrat4sWjJG0eGlQMT9IO2c5AJevUfaHN1FkayTaMzTnBH8UISyOJJ0EEIxDiLmTHLLHZp/EhtYFtKbw8JIeKCi85DxATbtThF/ai2E1m2GqUJ6r14zC7nhuEIF7JmfDXrG6tFoTdcmkINpbSAFBCzzm9xlldMUdiKT+WsGWHY8wkU5GHcvaCD4iQDFo2omhBib8mX4nZfL2Kt8A0EK/DoeqqboJXtTMNwgCbtRQUHIA1heWdMSdkyI9gBVtBqDHkLV/R4jfxbtYqnM7S5bAcSxUqFdhmE/HUWrMVc6uVdUp6Qp2/aPiTShOF7rDATQg3MygDmzqP93WNpjqO23dOLFbbiEqdgVtvus3/ACMF/HEyz3d5I3XBXofDwrGam2ggGlEhAH9yvPvBNgml5qAapdQ0ceFZ35wePA3y1ljBVZAFYkOeLkkcSH6xlkSb6QT+W+3AEt/4mNJZrR/095OAYp3Cg84TWhN1XhPgUbw3BYOHXtEziq7H7CWQlSNBThDaekFi1cjv37694RWRZSErbRx2PrD0GlMsR0ZvekOkutJoAntCwS/iTQMk9y9SfeW6C7XMul9AT3+0U2AFMsqU19fJhy0HnC/shQQFKAyGHAfMricIc2WVipsaJHDWALCgM+D4DcKAcz5w2QsJBJyoBvx+kOFXt6vwwaD5jqSRn7wjp8wJDhnLk97o974BlTnAUNXO/wC/1iybMASxYkuHHEs3U8uMFy4LSmR4WKvF4SXzJYkP5DhHz3b1sUqapywCiBvahNN7xtrZtKWglyPACGJAxuMN9ArvHzH8T7Qeaq5QfpzCgLpfz3uIXj5K8tcg7ZtJqYkKz4HPpAtjtpQbySWzANcXx4tWKZuyFlN8l3rjkz48IXyVlJjf6tRl9u6+nbN/EIUlppCgRQnDge/A9x54lzFEoLZOAWL/AJSDVO4hxXLAY2zW1qflOWXEb4ebBtN2YlTgB6udxx5ntHPljY2xrS7PlXQyhuPvh6wwlECgPCC5NkSqoIiabGMm5Y++ETBRVjIaCJtEkxn5iig0OGpD82j2ZtJZSQCxgkkZZfD7glW2EJesKbV+IbpZIx3wstVhmkuAC+b06ZQIqyTQfFLJ/p9GhT45HNcMp6P0/iENUNqIUW61ObwIKTli3ExRPsKlEEONQaGPU7OIoTvO9416h3GoKn5JCQNw9TWKJay/CJzLOUZE5iOBIqQ3aFup36cokVOcB2hZUWygy0VDnCISgMQM4BaDFmOpjoaKlnWPYfJ7JLKl1E54nj9IOTLKpwP+onpQdrvWK7JI8YD4sfTzEONm2b+erQLPQo99I2dIGaj/AKi5+XDqDXyHKJ2ea0y+MVpP9znqQ0dbA099/klXrFKpbGVRsByIKv8AIxKmw2YgfAmJyN672UPMQoTNKkJBxSW7e+sH7Km3RLTqV9yoDyEBzE3FN+aqn0DpA5xj7aRJaiEuMQHI41I5F+kONl2p2I0BD9FDp7pGfM0hAI0duZcRfsmbhoCzd/IiGTR7QR4aYP00HXzipaCUhGGHRouQp6Y5HhkYjNFW3xJm1mSABri2mgjza62SlIzd/wDdnyicrycdGbz7xC1odRJ/Sw5EktFeke3lml+BOXun+UB2yaxBNAk+RAfr5Rei1XVNo1N+Q7iM3te3EpBFQoqR53eoArE3VOM7+KLSZk1aAKYHOoXVQ5DuYz9vmgKJUm8o4Eks+YbP7Qxmy1O6hQOTvDkgF9SQIBNnSr5n3Vjo+PUjPPambtRapQlGgHlpwhUoVENp+zf0kEbzFMqxAF1VO7CNLkzmNVIkkM5gywTCCAxd6FtxDHrBNhsN6pgqfZmw5bju0MYZZzpvjhW52dO8CBkUJL5hwG9RF6gWN4HcUg+hgbZQ+JJSX8QvA8y/nBVlUpAYFxmDXpvjGRdJrYvxO5/3e98Dm03SA6ccMz9oM2taUFL3QWLGuH9JzEL7PYySGTQmpOHBjhFaEo2fLUKg8ASRll3gSfOWkpAIKjiK0c07EQ/Fnp40uBgz1DUDCmfCIqsyFMUgpZV4tieJ9BD1C2DnpUlIJFeeGrZQFO8Q/YU4YiH0xF/83HrhHipaRg1NGenOFNC0is8qY7pStT6pYZZrbrBn/p4USqYgk6JB7k+eEFK2jkCRvJPnj0hfadvXSB8VQrTwrU/V35xpjGeUl9Ll7Okpa8K6KPpA0zZ6MseQ7DCKJm2iMPhkHVCbxPEACJWS3E1KQK6UEa/XtllJ+IK2bMJdjHQf/wCox5D+mfqPEmstm+U5pKk88R/lDCykC1DRaQRxYjyeLptmurbJVecA7UUZfwJ4wlruqG40rwYDnEzpve1W1ZH89J/UfqD6wM9U8+z+jw72lJBdQxQpxwWKekKJYrwf1eIqoInT7tpQkYpCO6g/rFtuWfiKfG6W4gP5iB9pS2n3/wDS3Z/rFlrF7xf6FH/xXGa0JK6I4f5V7GLrCrxEZg/Z+yYClF5aToSI8+MUznNL3/5PqnpDFayXNYgnAtyJ84PKT8Q9ICswvJB09fvTlDCyKdQfTuB76RmoxkoqOLnz/wAYGtU9gVfpvdA/0gmzHx8m7GF20mSGOjnmXMV/FHsD8S4klR8SnbiXqRpQdYTFd2UEqLqCncf7tP8AbBFqSZqgtWGQdhQ/RusVTJQSAkAAa578OcLpWgsxCVGife+A51gBY5d+sNlpCcxy9eojzCprUfbv5RO6vUZ+dstywpxz4RCRspj4nf1ekPllrpb2T+0e3X8T4d6P74Q/OjxgSz2dgKV9Y61SQxpQY+9YKQkkem5sInMTUHUV30iN8noTsFdwBjlR8OB44Q5tkvwlSaA1O6lYzclWjOKjq7dY0NmmXkh8CIuXlFhZZLI9TiQ5zqW+8EWazkLJcgecWIN1RTpUQalLt59W7eUPyLRRMtiVirgYMXGB31bGPZc9SjQeEYAZiIWrZpTMxAGWABOjnBUTElSd24NhvaCwDJVsAowAi74CFYAdvWEH8aQq6RUAOeLZnjBsorV8rD3uMKWwWLZ2w5S1XilzuLH1ePTsmSn/ANsvvd+esRCZuSgTp9r0Una5T8zbwSl26vGkqLFv8JZgWuS3H9D9GeAbda28KUqJ0CKNrSCDtOWsXkhL4OH73frC+1bQCkm6ReGPjW3NyLpjaViWrWp/lHT7R0JJ2103j/Lz/UrKOi9luN/LUJ0ulCz8P2MDzrOJqFIVS8ClW5QwV6xRs62MrDOo8+zEQ2nSUkhaahQYtocFcvIxm0KLIs3JYXQkGUv+oUQfekCKlspjR+xZld2hhtCzkkjKYG4TEVSf9yfWKZqfiIC/zD5v6hQnmGMKnAu3XCQrJi/EkD1Me2UuEF9QeBSB5xdtNAVKIOgPcP6GBNl/KArI+X7xkt1il/OnRSejt9OkC21DoB/Mkjy99Ia2KX4q4kXTxTgewPOArSGvP7IvP2eKnYvR/wDh60X0Nuw3/uxh5ZAQBzHUUjIbEXcXTj9fSNjZT4aYgjsaRllxVTofI+fm3q/cQj/Es1g4xIYeXm0Opamrv7eF4RfiEeNIxrhw8X+MX6TO1HwmIGCfoP3gBU7ElIqzPlUAU4VjTWmzApCgKEekZm1yA4x1pk3sNwibFyo2Y3gSeI0rm+bNhrHkuYxcVZ/IuSYIVZypAAozuSMAxI7tFEizBRu1YFtzM4fXPnEqVTPlSThgTzP0gtElwBnnEVIdSZQFGBPH8p5sekXKQzpH6WB50MTTgSYgg4bvX3xiIkqDZ7ssXboTBaPEpIOrncNOo8omsYnBiD5jyAhGC8OOBVjxrQ9+xg+w2oOUHPCAUJF3eFeLuf8Aj0ge3y1J8SDgPbe84aa001IVXMe+kTs00A3TCXZ21XYKo0NVlC2L8CC1d0OkZKlpWm6oAjXHg/1haqWuUapKpeRDluLYdovkTCnwnkfrpBy54IunnFy/qLCW0WVE5zKUyxUj1KfWFK7WqUq6pILfmwDwyttkMs30ON4qz7sW3Qmt1tmKSStIUkVBcgjWocdYLNnvRvZ7alTVY++ce2uzoUHIS+oFYzFitCMUKUDjdJBp0rx7w8RanD56jcMfrBJYV0W2nZQT4nVjVgc9WOEZ222mak+E6gEgOG0IqOpjZTJt5XhUyqFjgdW+0KJqUrVUB3cENXi0bY5McsSSSCQCqW6jiQwflHsadGzUkYR7FbZ6LrHNKkBQ/wC4nED8zab6Eg7o0Gx7cFIfJ+hPoT0eM9MsplTDdLBg3IDuDBshbXlpFfzoyriRuPbGM5k2saC02YENkcNxGB5HtCqUllF6BVFDRQz95Q0sk8KAGNKb/uIpt0kfNkcfRUO0QCqSwKDgHHI4enSFliDEoONQ+/I8C0OjUOcRQ/X15wsmJ8R/UnuMu1OIEQuLpCnvHNKn6GvZoo2tJYnS8T19nrBkpiq8MFAPzGJHvCKtrn5icEhKxzDKELfKtcKdnBi2H2+opGr2dNoDqK8v2jH2CeFJChiCTywjR2GbSmVfIkefSFmMemiWnwtx7sPQiEf4nl1SoP4gAG4h+x7w8C3ocz6g/SB9qynlhWaCOh053TD9JnbwLJk4VSkOBwDtCO1IN66MSzlsBQEgasKDfDixrYKJ1w5AegiqyyAHL1JvEnM+x7eF0cUS7PdKpY+ZaF1NfEGIB69oU2VdwtVSlCpqwAY00eHH8SfjAmgHWo86d4Bm2cGepqJxScmIBfzaFOlPZSH8RwAZ9c/t1im1KJNMxTedIKnqupAFA1dG9+UVWdBWoKANMPrxJ8oj2r0HlSSkKGKyW+/Dd9YIoVGnhSRXU160Y84tWq65ALgMN51HTGKmqEYlw7ZAV6Pd6b4AGmSGVepXLUqV79iLZsk/DUdBSmIOVekWWxDAHMBhlUsl+LqDQ0tEoBJSB+VuTevpD9ltiLVIIU6TTox38oJsdpUg8atodOEUWiUXSRmC5OgND2glSBcCt/oacaQ6I0NhtoKfFpgcOEAW7aoSWD7t1HAjyxrN2p3E+vrzhbtCykKD0/ScASKge90LGixdZ9uE5ljRiQP2OFOkDWq2FKnSpia6au+WLBj1gFNiUm8sOkHHOiX41Y+6QNa1gihocNAc2cOI14Z6HoEpRCroSqpUkFq6pyD6YRZKneNXizDZVqz8geohXZVBr/5kivLTfgIYSk3hewJZ+DluoENNFWrxVTix+4aLrHZc9a8zj+0V2aZeSDheDe/esMrPRNaU7xUqMkwkfqA3R0J7TVRISoucjHRHm5/MXtOUVAKIZQPi3HXhAiwUkKSWL+h7ENDG2rKVG9gWcaiALSoBq0NUnn6P2jOXbus0Ls818Ays0/T6Qykzwob8xrvEJJ6flIxGPvrF8i1MWzxfV9fKKlTYMVLund6ZfSF9vs+YxAbil/MQfaJpIcB2y1GfSBpVovUPse6QtnA9nmGmufEEh+3lBVuRfDZFKujGncdIFnyikpU9RQ/6hkeWEGLLpQoZHsWfsYV7XOmX2KSktiCCk8cj5xqNlLIpkz884S2SyMTqF/2n7GHtjSw984vOpwh+mayyNQlXNmV5DtBYWDwIIPvtCW0Tf7PNvXzguXabqeb8qevlE75FgeaoS/CS5Ua8A9OePB4kuYbpOP1Vl5chHm0UBwuhAFDjWvUM5iqbON0JZiATuw3c+8ABEqK8agY9DXTKGc4AJGQCQ/ACkVy5LY1JZ3gTaFpLK3kcafQV4wrdqnCifN+JMEsE4uojLRPvSGp8AoK0AGp+wfrAGybIUgqIrjxUcuAg1QJW2SQ3M/N6d4Q2qnJF4VoOp18ousVm8RWR7FT6dIhLDm+casOw9YPlJZD7/wC496NBBaEWplAkOlJcne9AOnaJ/FdStAluL/d4AROC5gDlkl+Jwrq0WS7xLaEn9oeiKLXZ8GDsSnq3kTF0uzm4xq1YZrszkcT1KvtHT1BKVEYBNOLt5wqqUvkoKZdcRgeP0hVta2qISwchQcbmw7gxqFSx8Mjd5GvaEarGyifdKP084rFNoaeTdLUDUDndSvOEtoKQWxIyYFs8xGltCKBsMIXTrOlJvnVxyz7ReKaXLlspQONXA9+3grZqqHcPfePJFlc7zU8zh08oY2WyBPT1f6wbTatlyroFKVPVjBE9Tlt0en5RuDGIImIpeFCGfRnicrwxzy1NqCWoCOsdHCxWcZ9o6MPsx/6Vy+ajbCJhAOZ8j9oXSFlKQkkKZfdg4fTGNLttSTQNy3RlJkou5oAfYA1jTGvVsN5ZvJcflVQ7lV98YlKYqHvP61gaTPuy3zV4QMhv4PFcuaE3RqSBwzPnF6SdTgoOQaZcXaKFovFxQ4/Xt5QXZ1iYg6jvwgYTWUKYFj74QtCPbQnwg5YPpF1nqggcffSKrQm8CkcQd407xPZMo1T7xib0ra2fZwkk6qfmQ3rF1il+EHNu8XWtPvhX7R7KWAhIGJB9PWH3C9vbUkFNMvJwRE2dhqB78usQCncZVHK6PUxXbiUpJGlOISYm9gTMULt3RuONY4HEgfbEnvC/ZVoK7pOJBJOuIHaCCoghIwCSTxo3nFBdKJKk6Xq9RAy0YduJbCCE0HGg4nTvFkiXUHNyemEE6G3gRdZOjcyak935ROzJoScS5PMxFZNOZ7mvl1i4C6ktkwHvjC/oALXPujf5ZDs8WTbUfh4ZgAdPpAto8RY4PXr9u8WlGGo8z+8OCoIQEV0Hf2e8MtmS6K1w9YVWoOUo3nokD94a2OYx5jyik1bNTQe6wi21aAgbjU6AEn1MOdoTborWr9D94yf4itIWlAD1pyxeDQ29VtYlQRmlhxww6NDZKIzuzbH4ipQqSw98I0CltKC3qz9cPSFT2oWxdLsX6N9jCu0kvUM2A3QSuYyXzZ68nheuYVFzkO8WgTZRXjDKVSphbZEUDa+UPLFslcwEigDZvi+UTJu8JyugsyelXhFA1YrmWfFQUNAnWKLbIVKLEQPImgqYuBiwo/Exn8nkwyssUzbUtJugIYamsdEbQgFRN9I3VjoUkR4QbtO0FyKAZ6mEipznB2wbCNDtCzg+JoTzpJGgEPGvSoWbMIujEgYbzWJiWSQo5Yb9/WOUpANKlh5ZQVKklryqPgMzGm0GdiJSA1CKnicR0IPGLSyy2Hq/lAqFkhxQe6ROdMAoIW1aMFzANMaRdYSlCXJdR9gcGrCwkK8SvlS3Wo+0X2WbUk/lBUeJFAOXnAmirdPcPh7NBvhfZ5xMwq/KAyR0rHlpnUvK/wDqMsgOJiFmmusDAV50x4ORD0Dywild/wDd+w6RfbZboIzZ+xiiUsYAjA9TDGZgOXlEZQSkWyh4k6A9aHpnBRqpRyNPP7R4iVcmEDMv76x7ZxlvAPNxC2YxUv5dwf33j1IYcachXu46RbOAYnQehim0P8QgZEeUVrULauV4lADXtX3ygueoBPA+hxgeQyVHcPUxG1TPAevV/p3hAGmqh34AV974v2c6nUd57/YQKh2P9JHMuIPsxCJajoAPKKgoYqBmE4gUHq3aJSZrLu64++MC7NBNwnG6Sev2g6XLAL7vOsF7E6V7XeqeHmIz+0k3UJzUcOYEaK3i8s728nEZ7bf/AHABS6O5oIZel1jT/IBzJu+b9iYYo8Ukjd5ftAdilfyP/kLcCP2g7ZgeWoHBz2he4CG1LJVXIP1P0ioJxMEWqSSSPzA13jIjqIlKkKGIxh0hGzJNK5VjZWWzeBxMACQlzgMIzSQEpAepx4CLpcmZM8KiUoP5cyXxO7dFY+P8ptGU2q29tGWtK5ynp4JSeDOs8cvvGaVaAplCgMara9hkiWUJReUesZW0KuKCQkjcRWD5bb6cmc5QEomrHpHQQm1TBQKDZUjojg+P1rdsWEIvULe8IytolJNXjd7QT8VJrSMja7KlDs5O/wB94znb0MbuFguo+RNf1Ki2XLcusk6DX6CKlTFZBtPeceomXalTn3zMWYpUxsccgMhA8pd4lVdBx+0WGUVvkMzFjAUFAMz77QQ0pgAQBkMe7CPf4m4kPiTePMeEesVLmC651w1OXnhC+fOKjWK0kQqfeSGLl89S1eVYjKKgFKz+UdW84qk4E5CgG/20TM1nA1w4A/vDJ7LnqQRWvo1ezdTDfZ201XAVEuoXuAc/anGM5PUQz1VoMBBsiacQa5aYMCdwDnnBvgtNNZrQVC+rF6dKjvBksg+IVD+RY9FRkbVbvhpShGRB3knGOO3Vpe6AwPV2JPPxQvGU+m/WPBxPmRFEweMHVurfv0ivZtsE2SlWory+8eqmAlChwP17iHpCrBzufs3vhA61eFXLyIgxaaEbvrARe6Yz0raiW90jfXmYMtKSZDZqrwcv5NAawQAoYFiYKtM4EDRh5Q4VRsKPCncCO/7xdaV3a6Fu4b1gKVawKZU9+cTtFoCkk4e8YDGpS6i+YHanoRzhHbZF9YbiYOlzrqa6HqTXuYGTaGL46jy6Yc90V2m1bYvkKW/Ne6uD5DrAi5/w2D656H6QbInhwMKN5N3hV+IJRN4DGpA1Ck4Q9JuXHDpdtQCHBowryPqIOtcwUUGwwBfywjIWaeoKN9yCwpgMw+/GD9ofiIi8lIFKDdGsk0z89dnVjtZCrxAURhqOGkObFaUKq5fMGPn9n2uLwrjDuzbWQpXwiWWR4VekT4LmcbSzSUmYFgORnuiW3Nhy56CoJ8Y+U74+X2zb08kpCihVU0LEw/8Awt+PxKllE+8VJwUz3uO+OjDV/wAa58++CW12eZLWpCnBSWMdDm3fimzzFqX8BCnzKqmkexP0YfqPFtdnqNyo5Qm26Ek0EO7KhgEueJxgDa1hZzeeOB3fHxGM2i4DvdG7E+sLpU2vhD9+5pDDaaE59IWpWxYud1WjTFpREq1l2c6ndu3nfF/8UkhzhkP1fUQsUMQK9ogXGYG/E8orsDZs0lnxcsOkQmBxvz984ERPJOgw39dfqY5U0u2QitEMFANBX79fKIpWGf3qYgsummJy3DTnEphCUJTmff0hWDbxamSTjnHtkUVC9zPB4s+F/LAOKvo0Ey5ISndgOAxMLjQ52HEn35nvEFJADb+zUJ4v2ixCxeV7xH7RVOGB5e+UIGmztpfDQUYMARo7n6gQVZ9pKDZgs3d+YDdIQEO4zHcRXZrUQ40wGhBy3P5w97TX0Kz2kLDaAdD93iu7dNcDQ8Dgfe+MtI2oxLYVaoq+R0qA0MBtU3WUahn3pJLcwKw9RJ2lDOk5ez74xXaZDDc3lgYr2TtNMxJ1TQHUe/OLE2pKhcPAdw0T4i0qts1KAN5PKj++MT+OkAA8G34wi2ssieQTQM/IUO77QeF1c1f6CLmE0ndGyp183W4ccfQxKSXxEUWQssHQwUpYSk1pDuMLkFNtQFU014fu3eJTlOK8umHCEky2gKUXdgxw1+kGJ2j4g2Va5iCyMvLUDT5SnZmGZPftAVpsqE5hQOmb5wymJXMU0xqmiXpzgWfYJhNRdAwA+ucZy/2jdCWrZwCQpNDmDviiXYyFhTk3S45QTMSUKFXPVuUWLAIqtj7o0VMtJm/YP4F8lR+YqfGIqsqUkKLvnpWCgbyQohwMDHsxObYNBbTtAnZ71w3R0MEz0tVJJ4x0LzyH+T6dscuutaxH8UKN7GPI6M8uv9uv4WStIqecJNoFsI6OgxdDpeA4ekUnH3rHR0UlQvOPJfvvHkdFQL5noPKOfxo96R0dFTpORvN+bl9Y614GOjozqiuX86v6j6QUvBPH6R0dDyTiir5uX0gOb/3DHsdBCrlhjSDn8HSOjofoVfYFHX3eEWTFm8mpx/zVHR0Xizqf4qHjlHMhQJzIpQ9T1jrH8qf6fUx0dBAPRCT8QrLgOWbDKOjod7R8nRZLSGTTWJWjFHEekex0HpkYWlRvYnL1htaKjpHR0YfJ3CpBtpICyQGNKxUpIJqPbR0dGk6J0w/ywN5i9HyJ4p9I8joeXR3odMSHNBHR0dDin//Z',0,1,NULL,'2023-10-16 21:04:43','2023-10-16 21:04:43'),(23,'Mr.Software','Engineer','se@gmail.com','se123456','929219219345',NULL,'',1,1,NULL,'2023-10-16 23:28:32','2023-10-16 23:28:32'),(24,'Mrs.ajkdb','KAJDKA','ADJJ@GMAIL.COM','SJADHAHFAJD2121','211211212121',NULL,'',0,1,NULL,'2023-10-16 23:30:36','2023-10-16 23:30:36'),(25,'Mr.Harsh','Mehta','hm@gmail.com','hm123456','17828827305',NULL,'',0,1,NULL,'2023-10-16 23:34:24','2023-10-16 23:34:24'),(26,'Mr.Tirth','Patel','tp@gmail.com','tp123456','17828827308',NULL,'',0,1,NULL,'2023-10-16 23:36:56','2023-10-16 23:36:56'),(27,'Mr.ajfaj','sjfhkja','121212121@gmail.com1','kjdkajdnkajka12','112',NULL,'',1,1,NULL,'2023-10-16 23:38:08','2023-10-16 23:38:08'),(28,'Ms.ahjdhkj','jkdqjkh','ajkdhk@gmail.com','12jijjjijj','1212121212121212313',NULL,'',1,1,NULL,'2023-10-16 23:39:07','2023-10-16 23:39:07'),(29,'Mrs.adbhjabj','bkjabfjkqb','qa@yh.com','sijcbsjbcsj1','12`12242413231',NULL,'',1,1,NULL,'2023-10-16 23:39:49','2023-10-16 23:39:49'),(30,'Mr.ajkfna','jwdkja','ws@g.com','12jjjjhjh','1212y18qihied',NULL,'',1,1,NULL,'2023-10-16 23:40:46','2023-10-16 23:40:46'),(31,'Ms.jkandkja','qkdqqjdn','qw2@gm.com','12121jjk','12198787888882112',NULL,'',0,1,NULL,'2023-10-16 23:44:10','2023-10-16 23:44:10'),(34,'RahulG','fgfrr','abafasc@gamahiaal.com','$2a$10$sbeILKXJVuRIO4xVNOM5VeHwtUgIqLeBv1B2E0dE9M1wf9qubAFem','1234567890',NULL,'demo',1,1,NULL,'2023-10-21 17:34:52','2023-10-21 17:34:52'),(35,'vishaka','vinod','vv@gmail.com','$2a$10$cqAYHr1NDXRKCoI1SkZXD..oYG.wStLSjb/IG23kb67rk8OLC/uTa','7828827012',NULL,NULL,NULL,NULL,NULL,'2023-10-22 20:11:43','2023-10-22 20:11:43'),(36,'RahulG','fgfrr','aqafasc@gamahiaal.com','$2a$10$fTrZMSSE/cwhjLcP6Fk1Tupu3sF6AIXsSepneqtjqCpRWQ2XbYxoa','1234567890',NULL,NULL,1,1,NULL,'2023-10-23 10:32:24','2023-10-23 10:32:24'),(39,'RahulG','fgfrr','aqaasc@gamahiaal.com','$2a$10$ePWKU0VnDt9Y/.z7dyJNB.P2qwQOJ5ezxs5m/Ba.wlVf67VJli0aG','1234567890',NULL,NULL,1,1,NULL,'2023-10-23 10:34:25','2023-10-23 10:34:25'),(41,'kahkhkdjakjd','djakdhak','suyash@gmail.com','$2a$10$e3EIlgm/xEX/DzXLRp0RUupZnGSasGcKckkRk4Fr/yPUthZTYeNIC','27187281728',NULL,'/9j/4AAQSkZJRgABAQAAAQABAAD/2wCEAAkGBxMTEhUTExMWFhUXGB4aGBgYGBgaGhoaGBkYHRgYFxoYHSggGBslGxoXITEhJSkrLi4uGB8zODMtNygtLisBCgoKDg0OGhAQGi0lHyUtLS0tLS0tLS0tLS0tLS0tLS0tLS0tLS0tLS0tLS0tLS0tLS0tLS0tLS0tLS0tLS0tLf/AABEIAMIBAwMBIgACEQEDEQH/xAAcAAACAwEBAQEAAAAAAAAAAAAEBQIDBgABBwj/xABAEAABAgMFBgQEBAUDAwUAAAABAhEAAyEEEjFBUQVhcYGRoSKxwfATMtHhBkJS8RQjcrLCYoLSJDOiFUODkuL/xAAZAQADAQEBAAAAAAAAAAAAAAAAAQIDBAX/xAAjEQEBAAICAgMAAgMAAAAAAAAAAQIRITESQQMTUUJhIoHw/9oADAMBAAIRAxEAPwD6TtK2kBEsKUDMIHhHjKQHU36Aa1yGFYbWCSGFMa69+feAbPsZWMwpvEAKU1WD0TWnGG8oBIYewIz98nCLb80IyKiSAEuQK5ndGR2wFKQFK8IUoJQAACXZmGX0BjZbSumYbxwGG/AP5b3jF/jWaVWuyoTRKQpXp1NO8ceWE3v+3ZhlZJGRlbUKbQkhJuqoacCFdCOhjc2baqk0LnIDdh5R8725YLoQgGoQk11N7xHVqJ5DWNPfNxBJqUO+8Bi3V4u4zQ3zy2WzpxP8xR/pGSQKDnnA9vtalqMtGCfmVjXj+ZVTwhQm2lKrowNIKlzrqSxqXJPve/aDXGk+9rJ67qboAfTIH/NXaFNoUn8xUs6CvTTlFkyYVFsA1ScTu6Y8QIqkywUlas6DhuB1382hXFUukZIKj8gDYk4JG84PuDxVabUgaMMGGJzrmTnyjrWCRUkJGlOpPvSBpssBg1NMHOZrU8TpE9L7Q/iyosKHNhQcXoO0SXOIwI3qZL9chAsyeVEIQObMDvAOXGC1yEoHjN5W+gB0ADXjCkp8BJ1sehSSNwD8aYwOpBJ8Jd8jifUHjFsyaohwG0yNNyQwgJC130kpzFcHrUb4mqMpClSlXWNXBSccGfgzwVs6+FUq+QUksHGQOkWBUwjxS/jIbJN4pxwYBQ3p6HEwulWZZmvcUnFgxDDLHCClOWrs9uZgCGw488YdWS2an1/aM7YzUFaHOpcHnh5Q7RODCgHMj0MaYVjnDdFpGsVzLSDAAUDoffCILWNAY082fiPM3d6ecQ/iMmMAoIOXeLhueKl2VmhYWYB2ogFJetMImSdYHtqyUkAsdY1xZ18zRMTNtqECUEspySC/h8q8YM/Ec29PNaANHbGklVrmzlXHQCCQU1L40wprvgG1TCpS1APnSsZXvREVqmvOI0pAf4gk0QIoRaTfKtTFtpSZjQ5xU+QCzySAWxgSbaFGho0Ok2VRwiKtmjEmKmU7LZJ8MmsdGiugUADR0H2Ft+pFTsSS3pv4wFO2gATVgHx3M/Ewq2ntAIQAVAD8xOpwG840jE7W/E3xP4gIcBIUlzU0UEkAZfODrHPc8r07JhI1O0NoX1SlD5Cu8o7gCUciAOsZr8cTWnoL1TLVM/8AEpA5Eg84s2PaAbOUHFKQkVyCWHYGAvxDMBuTcCSJTbkn/ih+cL2vQL8WS0lN7BKpbJIxA/L3CTHn4U2kmfIQhVJssO2Sh8pbUO4MXzhfscsnEBSS+Vx6chSMgb0mdLmIcAAuP9JJveV7jF49WDL9fRPhELBah9B9o9tE+6FKOATTm3qYhZJ15AIruxrg/vWKrZMSSElxe044NAVRsSSoFaiz/KOGJOpJc8hBNrtIQLytPCnQfXfF0mUAl/ypHYYuOXnCO2ErWVKwGHE4Ab4nI48NqJ8azR6JGe58sC53HlVYBMmhS1ln0wAGQGn0EWJshmELUWlpw1L7tTQQ3s0kpSkJDZJGLD9R5uw55QTE7Q1ikFBupBMxVf6Rqon8x7Q0s2yPzGqtTgN7nzOkMdmWEIfXFR8h0i+eL1A4eg1YnHc8a6kjO5FMywI/SWzV9XxwOIyjN2qVemOkEpQQyQKkvhTFqmNTtCWT4EqIAfe4PhdTwj2un4aRgCAQXajYdQ3FhGObTATIurSSB4gQFCiVORRQGT6UwMEJly1v4nVorwnrlGVsm0yhQvVChdNS2Gr0GLekObLbZU9IUld5QAdJopq1SoY4H1hHRa5BSSEglqkOD5P6RXJtwBqwO4t51MU2yYUiqlAcD4Tuq6YSfxJU7qSo73BHXPdEXjpXbUq2uBTPd6vFkrat4sWjJG0eGlQMT9IO2c5AJevUfaHN1FkayTaMzTnBH8UISyOJJ0EEIxDiLmTHLLHZp/EhtYFtKbw8JIeKCi85DxATbtThF/ai2E1m2GqUJ6r14zC7nhuEIF7JmfDXrG6tFoTdcmkINpbSAFBCzzm9xlldMUdiKT+WsGWHY8wkU5GHcvaCD4iQDFo2omhBib8mX4nZfL2Kt8A0EK/DoeqqboJXtTMNwgCbtRQUHIA1heWdMSdkyI9gBVtBqDHkLV/R4jfxbtYqnM7S5bAcSxUqFdhmE/HUWrMVc6uVdUp6Qp2/aPiTShOF7rDATQg3MygDmzqP93WNpjqO23dOLFbbiEqdgVtvus3/ACMF/HEyz3d5I3XBXofDwrGam2ggGlEhAH9yvPvBNgml5qAapdQ0ceFZ35wePA3y1ljBVZAFYkOeLkkcSH6xlkSb6QT+W+3AEt/4mNJZrR/095OAYp3Cg84TWhN1XhPgUbw3BYOHXtEziq7H7CWQlSNBThDaekFi1cjv37694RWRZSErbRx2PrD0GlMsR0ZvekOkutJoAntCwS/iTQMk9y9SfeW6C7XMul9AT3+0U2AFMsqU19fJhy0HnC/shQQFKAyGHAfMricIc2WVipsaJHDWALCgM+D4DcKAcz5w2QsJBJyoBvx+kOFXt6vwwaD5jqSRn7wjp8wJDhnLk97o974BlTnAUNXO/wC/1iybMASxYkuHHEs3U8uMFy4LSmR4WKvF4SXzJYkP5DhHz3b1sUqapywCiBvahNN7xtrZtKWglyPACGJAxuMN9ArvHzH8T7Qeaq5QfpzCgLpfz3uIXj5K8tcg7ZtJqYkKz4HPpAtjtpQbySWzANcXx4tWKZuyFlN8l3rjkz48IXyVlJjf6tRl9u6+nbN/EIUlppCgRQnDge/A9x54lzFEoLZOAWL/AJSDVO4hxXLAY2zW1qflOWXEb4ebBtN2YlTgB6udxx5ntHPljY2xrS7PlXQyhuPvh6wwlECgPCC5NkSqoIiabGMm5Y++ETBRVjIaCJtEkxn5iig0OGpD82j2ZtJZSQCxgkkZZfD7glW2EJesKbV+IbpZIx3wstVhmkuAC+b06ZQIqyTQfFLJ/p9GhT45HNcMp6P0/iENUNqIUW61ObwIKTli3ExRPsKlEEONQaGPU7OIoTvO9416h3GoKn5JCQNw9TWKJay/CJzLOUZE5iOBIqQ3aFup36cokVOcB2hZUWygy0VDnCISgMQM4BaDFmOpjoaKlnWPYfJ7JLKl1E54nj9IOTLKpwP+onpQdrvWK7JI8YD4sfTzEONm2b+erQLPQo99I2dIGaj/AKi5+XDqDXyHKJ2ea0y+MVpP9znqQ0dbA099/klXrFKpbGVRsByIKv8AIxKmw2YgfAmJyN672UPMQoTNKkJBxSW7e+sH7Km3RLTqV9yoDyEBzE3FN+aqn0DpA5xj7aRJaiEuMQHI41I5F+kONl2p2I0BD9FDp7pGfM0hAI0duZcRfsmbhoCzd/IiGTR7QR4aYP00HXzipaCUhGGHRouQp6Y5HhkYjNFW3xJm1mSABri2mgjza62SlIzd/wDdnyicrycdGbz7xC1odRJ/Sw5EktFeke3lml+BOXun+UB2yaxBNAk+RAfr5Rei1XVNo1N+Q7iM3te3EpBFQoqR53eoArE3VOM7+KLSZk1aAKYHOoXVQ5DuYz9vmgKJUm8o4Eks+YbP7Qxmy1O6hQOTvDkgF9SQIBNnSr5n3Vjo+PUjPPambtRapQlGgHlpwhUoVENp+zf0kEbzFMqxAF1VO7CNLkzmNVIkkM5gywTCCAxd6FtxDHrBNhsN6pgqfZmw5bju0MYZZzpvjhW52dO8CBkUJL5hwG9RF6gWN4HcUg+hgbZQ+JJSX8QvA8y/nBVlUpAYFxmDXpvjGRdJrYvxO5/3e98Dm03SA6ccMz9oM2taUFL3QWLGuH9JzEL7PYySGTQmpOHBjhFaEo2fLUKg8ASRll3gSfOWkpAIKjiK0c07EQ/Fnp40uBgz1DUDCmfCIqsyFMUgpZV4tieJ9BD1C2DnpUlIJFeeGrZQFO8Q/YU4YiH0xF/83HrhHipaRg1NGenOFNC0is8qY7pStT6pYZZrbrBn/p4USqYgk6JB7k+eEFK2jkCRvJPnj0hfadvXSB8VQrTwrU/V35xpjGeUl9Ll7Okpa8K6KPpA0zZ6MseQ7DCKJm2iMPhkHVCbxPEACJWS3E1KQK6UEa/XtllJ+IK2bMJdjHQf/wCox5D+mfqPEmstm+U5pKk88R/lDCykC1DRaQRxYjyeLptmurbJVecA7UUZfwJ4wlruqG40rwYDnEzpve1W1ZH89J/UfqD6wM9U8+z+jw72lJBdQxQpxwWKekKJYrwf1eIqoInT7tpQkYpCO6g/rFtuWfiKfG6W4gP5iB9pS2n3/wDS3Z/rFlrF7xf6FH/xXGa0JK6I4f5V7GLrCrxEZg/Z+yYClF5aToSI8+MUznNL3/5PqnpDFayXNYgnAtyJ84PKT8Q9ICswvJB09fvTlDCyKdQfTuB76RmoxkoqOLnz/wAYGtU9gVfpvdA/0gmzHx8m7GF20mSGOjnmXMV/FHsD8S4klR8SnbiXqRpQdYTFd2UEqLqCncf7tP8AbBFqSZqgtWGQdhQ/RusVTJQSAkAAa578OcLpWgsxCVGife+A51gBY5d+sNlpCcxy9eojzCprUfbv5RO6vUZ+dstywpxz4RCRspj4nf1ekPllrpb2T+0e3X8T4d6P74Q/OjxgSz2dgKV9Y61SQxpQY+9YKQkkem5sInMTUHUV30iN8noTsFdwBjlR8OB44Q5tkvwlSaA1O6lYzclWjOKjq7dY0NmmXkh8CIuXlFhZZLI9TiQ5zqW+8EWazkLJcgecWIN1RTpUQalLt59W7eUPyLRRMtiVirgYMXGB31bGPZc9SjQeEYAZiIWrZpTMxAGWABOjnBUTElSd24NhvaCwDJVsAowAi74CFYAdvWEH8aQq6RUAOeLZnjBsorV8rD3uMKWwWLZ2w5S1XilzuLH1ePTsmSn/ANsvvd+esRCZuSgTp9r0Una5T8zbwSl26vGkqLFv8JZgWuS3H9D9GeAbda28KUqJ0CKNrSCDtOWsXkhL4OH73frC+1bQCkm6ReGPjW3NyLpjaViWrWp/lHT7R0JJ2103j/Lz/UrKOi9luN/LUJ0ulCz8P2MDzrOJqFIVS8ClW5QwV6xRs62MrDOo8+zEQ2nSUkhaahQYtocFcvIxm0KLIs3JYXQkGUv+oUQfekCKlspjR+xZld2hhtCzkkjKYG4TEVSf9yfWKZqfiIC/zD5v6hQnmGMKnAu3XCQrJi/EkD1Me2UuEF9QeBSB5xdtNAVKIOgPcP6GBNl/KArI+X7xkt1il/OnRSejt9OkC21DoB/Mkjy99Ia2KX4q4kXTxTgewPOArSGvP7IvP2eKnYvR/wDh60X0Nuw3/uxh5ZAQBzHUUjIbEXcXTj9fSNjZT4aYgjsaRllxVTofI+fm3q/cQj/Es1g4xIYeXm0Opamrv7eF4RfiEeNIxrhw8X+MX6TO1HwmIGCfoP3gBU7ElIqzPlUAU4VjTWmzApCgKEekZm1yA4x1pk3sNwibFyo2Y3gSeI0rm+bNhrHkuYxcVZ/IuSYIVZypAAozuSMAxI7tFEizBRu1YFtzM4fXPnEqVTPlSThgTzP0gtElwBnnEVIdSZQFGBPH8p5sekXKQzpH6WB50MTTgSYgg4bvX3xiIkqDZ7ssXboTBaPEpIOrncNOo8omsYnBiD5jyAhGC8OOBVjxrQ9+xg+w2oOUHPCAUJF3eFeLuf8Aj0ge3y1J8SDgPbe84aa001IVXMe+kTs00A3TCXZ21XYKo0NVlC2L8CC1d0OkZKlpWm6oAjXHg/1haqWuUapKpeRDluLYdovkTCnwnkfrpBy54IunnFy/qLCW0WVE5zKUyxUj1KfWFK7WqUq6pILfmwDwyttkMs30ON4qz7sW3Qmt1tmKSStIUkVBcgjWocdYLNnvRvZ7alTVY++ce2uzoUHIS+oFYzFitCMUKUDjdJBp0rx7w8RanD56jcMfrBJYV0W2nZQT4nVjVgc9WOEZ222mak+E6gEgOG0IqOpjZTJt5XhUyqFjgdW+0KJqUrVUB3cENXi0bY5McsSSSCQCqW6jiQwflHsadGzUkYR7FbZ6LrHNKkBQ/wC4nED8zab6Eg7o0Gx7cFIfJ+hPoT0eM9MsplTDdLBg3IDuDBshbXlpFfzoyriRuPbGM5k2saC02YENkcNxGB5HtCqUllF6BVFDRQz95Q0sk8KAGNKb/uIpt0kfNkcfRUO0QCqSwKDgHHI4enSFliDEoONQ+/I8C0OjUOcRQ/X15wsmJ8R/UnuMu1OIEQuLpCnvHNKn6GvZoo2tJYnS8T19nrBkpiq8MFAPzGJHvCKtrn5icEhKxzDKELfKtcKdnBi2H2+opGr2dNoDqK8v2jH2CeFJChiCTywjR2GbSmVfIkefSFmMemiWnwtx7sPQiEf4nl1SoP4gAG4h+x7w8C3ocz6g/SB9qynlhWaCOh053TD9JnbwLJk4VSkOBwDtCO1IN66MSzlsBQEgasKDfDixrYKJ1w5AegiqyyAHL1JvEnM+x7eF0cUS7PdKpY+ZaF1NfEGIB69oU2VdwtVSlCpqwAY00eHH8SfjAmgHWo86d4Bm2cGepqJxScmIBfzaFOlPZSH8RwAZ9c/t1im1KJNMxTedIKnqupAFA1dG9+UVWdBWoKANMPrxJ8oj2r0HlSSkKGKyW+/Dd9YIoVGnhSRXU160Y84tWq65ALgMN51HTGKmqEYlw7ZAV6Pd6b4AGmSGVepXLUqV79iLZsk/DUdBSmIOVekWWxDAHMBhlUsl+LqDQ0tEoBJSB+VuTevpD9ltiLVIIU6TTox38oJsdpUg8atodOEUWiUXSRmC5OgND2glSBcCt/oacaQ6I0NhtoKfFpgcOEAW7aoSWD7t1HAjyxrN2p3E+vrzhbtCykKD0/ScASKge90LGixdZ9uE5ljRiQP2OFOkDWq2FKnSpia6au+WLBj1gFNiUm8sOkHHOiX41Y+6QNa1gihocNAc2cOI14Z6HoEpRCroSqpUkFq6pyD6YRZKneNXizDZVqz8geohXZVBr/5kivLTfgIYSk3hewJZ+DluoENNFWrxVTix+4aLrHZc9a8zj+0V2aZeSDheDe/esMrPRNaU7xUqMkwkfqA3R0J7TVRISoucjHRHm5/MXtOUVAKIZQPi3HXhAiwUkKSWL+h7ENDG2rKVG9gWcaiALSoBq0NUnn6P2jOXbus0Ls818Ays0/T6Qykzwob8xrvEJJ6flIxGPvrF8i1MWzxfV9fKKlTYMVLund6ZfSF9vs+YxAbil/MQfaJpIcB2y1GfSBpVovUPse6QtnA9nmGmufEEh+3lBVuRfDZFKujGncdIFnyikpU9RQ/6hkeWEGLLpQoZHsWfsYV7XOmX2KSktiCCk8cj5xqNlLIpkz884S2SyMTqF/2n7GHtjSw984vOpwh+mayyNQlXNmV5DtBYWDwIIPvtCW0Tf7PNvXzguXabqeb8qevlE75FgeaoS/CS5Ua8A9OePB4kuYbpOP1Vl5chHm0UBwuhAFDjWvUM5iqbON0JZiATuw3c+8ABEqK8agY9DXTKGc4AJGQCQ/ACkVy5LY1JZ3gTaFpLK3kcafQV4wrdqnCifN+JMEsE4uojLRPvSGp8AoK0AGp+wfrAGybIUgqIrjxUcuAg1QJW2SQ3M/N6d4Q2qnJF4VoOp18ousVm8RWR7FT6dIhLDm+casOw9YPlJZD7/wC496NBBaEWplAkOlJcne9AOnaJ/FdStAluL/d4AROC5gDlkl+Jwrq0WS7xLaEn9oeiKLXZ8GDsSnq3kTF0uzm4xq1YZrszkcT1KvtHT1BKVEYBNOLt5wqqUvkoKZdcRgeP0hVta2qISwchQcbmw7gxqFSx8Mjd5GvaEarGyifdKP084rFNoaeTdLUDUDndSvOEtoKQWxIyYFs8xGltCKBsMIXTrOlJvnVxyz7ReKaXLlspQONXA9+3grZqqHcPfePJFlc7zU8zh08oY2WyBPT1f6wbTatlyroFKVPVjBE9Tlt0en5RuDGIImIpeFCGfRnicrwxzy1NqCWoCOsdHCxWcZ9o6MPsx/6Vy+ajbCJhAOZ8j9oXSFlKQkkKZfdg4fTGNLttSTQNy3RlJkou5oAfYA1jTGvVsN5ZvJcflVQ7lV98YlKYqHvP61gaTPuy3zV4QMhv4PFcuaE3RqSBwzPnF6SdTgoOQaZcXaKFovFxQ4/Xt5QXZ1iYg6jvwgYTWUKYFj74QtCPbQnwg5YPpF1nqggcffSKrQm8CkcQd407xPZMo1T7xib0ra2fZwkk6qfmQ3rF1il+EHNu8XWtPvhX7R7KWAhIGJB9PWH3C9vbUkFNMvJwRE2dhqB78usQCncZVHK6PUxXbiUpJGlOISYm9gTMULt3RuONY4HEgfbEnvC/ZVoK7pOJBJOuIHaCCoghIwCSTxo3nFBdKJKk6Xq9RAy0YduJbCCE0HGg4nTvFkiXUHNyemEE6G3gRdZOjcyak935ROzJoScS5PMxFZNOZ7mvl1i4C6ktkwHvjC/oALXPujf5ZDs8WTbUfh4ZgAdPpAto8RY4PXr9u8WlGGo8z+8OCoIQEV0Hf2e8MtmS6K1w9YVWoOUo3nokD94a2OYx5jyik1bNTQe6wi21aAgbjU6AEn1MOdoTborWr9D94yf4itIWlAD1pyxeDQ29VtYlQRmlhxww6NDZKIzuzbH4ipQqSw98I0CltKC3qz9cPSFT2oWxdLsX6N9jCu0kvUM2A3QSuYyXzZ68nheuYVFzkO8WgTZRXjDKVSphbZEUDa+UPLFslcwEigDZvi+UTJu8JyugsyelXhFA1YrmWfFQUNAnWKLbIVKLEQPImgqYuBiwo/Exn8nkwyssUzbUtJugIYamsdEbQgFRN9I3VjoUkR4QbtO0FyKAZ6mEipznB2wbCNDtCzg+JoTzpJGgEPGvSoWbMIujEgYbzWJiWSQo5Yb9/WOUpANKlh5ZQVKklryqPgMzGm0GdiJSA1CKnicR0IPGLSyy2Hq/lAqFkhxQe6ROdMAoIW1aMFzANMaRdYSlCXJdR9gcGrCwkK8SvlS3Wo+0X2WbUk/lBUeJFAOXnAmirdPcPh7NBvhfZ5xMwq/KAyR0rHlpnUvK/wDqMsgOJiFmmusDAV50x4ORD0Dywild/wDd+w6RfbZboIzZ+xiiUsYAjA9TDGZgOXlEZQSkWyh4k6A9aHpnBRqpRyNPP7R4iVcmEDMv76x7ZxlvAPNxC2YxUv5dwf33j1IYcachXu46RbOAYnQehim0P8QgZEeUVrULauV4lADXtX3ygueoBPA+hxgeQyVHcPUxG1TPAevV/p3hAGmqh34AV974v2c6nUd57/YQKh2P9JHMuIPsxCJajoAPKKgoYqBmE4gUHq3aJSZrLu64++MC7NBNwnG6Sev2g6XLAL7vOsF7E6V7XeqeHmIz+0k3UJzUcOYEaK3i8s728nEZ7bf/AHABS6O5oIZel1jT/IBzJu+b9iYYo8Ukjd5ftAdilfyP/kLcCP2g7ZgeWoHBz2he4CG1LJVXIP1P0ioJxMEWqSSSPzA13jIjqIlKkKGIxh0hGzJNK5VjZWWzeBxMACQlzgMIzSQEpAepx4CLpcmZM8KiUoP5cyXxO7dFY+P8ptGU2q29tGWtK5ynp4JSeDOs8cvvGaVaAplCgMara9hkiWUJReUesZW0KuKCQkjcRWD5bb6cmc5QEomrHpHQQm1TBQKDZUjojg+P1rdsWEIvULe8IytolJNXjd7QT8VJrSMja7KlDs5O/wB94znb0MbuFguo+RNf1Ki2XLcusk6DX6CKlTFZBtPeceomXalTn3zMWYpUxsccgMhA8pd4lVdBx+0WGUVvkMzFjAUFAMz77QQ0pgAQBkMe7CPf4m4kPiTePMeEesVLmC651w1OXnhC+fOKjWK0kQqfeSGLl89S1eVYjKKgFKz+UdW84qk4E5CgG/20TM1nA1w4A/vDJ7LnqQRWvo1ezdTDfZ201XAVEuoXuAc/anGM5PUQz1VoMBBsiacQa5aYMCdwDnnBvgtNNZrQVC+rF6dKjvBksg+IVD+RY9FRkbVbvhpShGRB3knGOO3Vpe6AwPV2JPPxQvGU+m/WPBxPmRFEweMHVurfv0ivZtsE2SlWory+8eqmAlChwP17iHpCrBzufs3vhA61eFXLyIgxaaEbvrARe6Yz0raiW90jfXmYMtKSZDZqrwcv5NAawQAoYFiYKtM4EDRh5Q4VRsKPCncCO/7xdaV3a6Fu4b1gKVawKZU9+cTtFoCkk4e8YDGpS6i+YHanoRzhHbZF9YbiYOlzrqa6HqTXuYGTaGL46jy6Yc90V2m1bYvkKW/Ne6uD5DrAi5/w2D656H6QbInhwMKN5N3hV+IJRN4DGpA1Ck4Q9JuXHDpdtQCHBowryPqIOtcwUUGwwBfywjIWaeoKN9yCwpgMw+/GD9ofiIi8lIFKDdGsk0z89dnVjtZCrxAURhqOGkObFaUKq5fMGPn9n2uLwrjDuzbWQpXwiWWR4VekT4LmcbSzSUmYFgORnuiW3Nhy56CoJ8Y+U74+X2zb08kpCihVU0LEw/8Awt+PxKllE+8VJwUz3uO+OjDV/wAa58++CW12eZLWpCnBSWMdDm3fimzzFqX8BCnzKqmkexP0YfqPFtdnqNyo5Qm26Ek0EO7KhgEueJxgDa1hZzeeOB3fHxGM2i4DvdG7E+sLpU2vhD9+5pDDaaE59IWpWxYud1WjTFpREq1l2c6ndu3nfF/8UkhzhkP1fUQsUMQK9ogXGYG/E8orsDZs0lnxcsOkQmBxvz984ERPJOgw39dfqY5U0u2QitEMFANBX79fKIpWGf3qYgsummJy3DTnEphCUJTmff0hWDbxamSTjnHtkUVC9zPB4s+F/LAOKvo0Ey5ISndgOAxMLjQ52HEn35nvEFJADb+zUJ4v2ixCxeV7xH7RVOGB5e+UIGmztpfDQUYMARo7n6gQVZ9pKDZgs3d+YDdIQEO4zHcRXZrUQ40wGhBy3P5w97TX0Kz2kLDaAdD93iu7dNcDQ8Dgfe+MtI2oxLYVaoq+R0qA0MBtU3WUahn3pJLcwKw9RJ2lDOk5ez74xXaZDDc3lgYr2TtNMxJ1TQHUe/OLE2pKhcPAdw0T4i0qts1KAN5PKj++MT+OkAA8G34wi2ssieQTQM/IUO77QeF1c1f6CLmE0ndGyp183W4ccfQxKSXxEUWQssHQwUpYSk1pDuMLkFNtQFU014fu3eJTlOK8umHCEky2gKUXdgxw1+kGJ2j4g2Va5iCyMvLUDT5SnZmGZPftAVpsqE5hQOmb5wymJXMU0xqmiXpzgWfYJhNRdAwA+ucZy/2jdCWrZwCQpNDmDviiXYyFhTk3S45QTMSUKFXPVuUWLAIqtj7o0VMtJm/YP4F8lR+YqfGIqsqUkKLvnpWCgbyQohwMDHsxObYNBbTtAnZ71w3R0MEz0tVJJ4x0LzyH+T6dscuutaxH8UKN7GPI6M8uv9uv4WStIqecJNoFsI6OgxdDpeA4ekUnH3rHR0UlQvOPJfvvHkdFQL5noPKOfxo96R0dFTpORvN+bl9Y614GOjozqiuX86v6j6QUvBPH6R0dDyTiir5uX0gOb/3DHsdBCrlhjSDn8HSOjofoVfYFHX3eEWTFm8mpx/zVHR0Xizqf4qHjlHMhQJzIpQ9T1jrH8qf6fUx0dBAPRCT8QrLgOWbDKOjod7R8nRZLSGTTWJWjFHEekex0HpkYWlRvYnL1htaKjpHR0YfJ3CpBtpICyQGNKxUpIJqPbR0dGk6J0w/ywN5i9HyJ4p9I8joeXR3odMSHNBHR0dDin//Z',0,1,NULL,'2023-10-23 19:03:21','2023-10-23 19:03:21'),(42,'Ms.Laura','Fernandes','lf12@gmail.com','$2a$10$3dT93O9HhL4Wn5/tpabwj.Fv60m.TV5NWvBnz20YDn0CCgdbUOzDi','17828827370',NULL,'',0,1,NULL,'2023-10-23 19:09:16','2023-10-23 19:09:16'),(43,'momo','momo','momo@gamahiaal.com','$2a$10$Z0vz0EnvUZfUDQKa2v7RhuYJiPMpBZpDzQI8ZPXuGqIeyOr1uKWCC','1234567890',NULL,NULL,1,1,NULL,'2023-10-23 20:29:08','2023-10-23 20:29:08'),(46,'momo','momo','momo@gmail.com','$2a$10$UU40.2cq1PFkGgRoYNhy5eUKLvyCVotOIHpCCSChDzVBvZIQWLr3u','1234567890',NULL,NULL,1,1,NULL,'2023-10-23 20:31:01','2023-10-23 20:31:01'),(47,'Mr.Samit','Mhatre','sm50@gmail.com','$2a$10$8Cg4UwYuJ2tOd13ZAvJytuzPU2.zGdbOkpUo.GOgKZSJtrqcDz1ui','17828827350',NULL,'',1,1,NULL,'2023-10-27 16:38:23','2023-10-27 16:38:23'),(48,'Mr.Mohammed','Kothaliya','mk@gmail.com','$2a$10$lc2/jWsv3Hcu7.AdAw/Q3.Jskqo8f1KPHq1.0MfLlQM5OCbp4Jk9m','17828827380',NULL,'',0,1,NULL,'2023-10-27 21:26:14','2023-10-27 21:26:14'),(49,'Mr.Tushar','Sharma','ta@gmail.com','$2a$10$gFw6R67ZNVA5eOBFvp00qOk7rBaaNBr6AZ9fTHsA4Ttu.X7p3BDg2','17828829021',NULL,'',0,1,NULL,'2023-10-27 22:42:50','2023-10-27 22:42:50'),(50,'Mr.David','Miller','dm@gmail.com','$2a$10$5zMoOSc8sxT.eiN5hazL8u4yjNVKq07I/sJCsxCO5..8qZLWtdPYe','17823209011',NULL,'iVBORw0KGgoAAAANSUhEUgAAAYYAAACBCAMAAADzLO3bAAAAh1BMVEX///8AAADx8fHW1tampqa5ublSUlKZmZnOzs7IyMiVlZXr6+v39/coKCjj4+P8/PxycnJKSkoKCgp5eXktLS2Hh4daWloyMjKysrJkZGS/v7/KysrR0dFxcXHt7e2oqKg7OzuLi4tBQUHd3d0VFRVpaWkgICAcHBxfX19NTU0SEhJWVlY+Pj5O0ntjAAATaUlEQVR4nO1djXayuhIlIkUUQaUooihotVr7/s93k0wSJgEVtb2n597sdc76JOR/JzOTSUgdx8LCwsLCwsLCwsLCwsLCwsLCwsLCwsLCwsLCwsLCwsLCwuL/FWHvJxD/0834t2NOfgLBP92MfzuWloa/AEvDnwClYbF3X0H+Ig1r/8caYyDeB17mrUdPJne9LHejH63RVVAadq/lEBk0pJ/l2+Uy3S0+Z2yijC/Jdn81ceztCNEVfH/G0l8ub7vvBQnxm/Fix9/Qd+VHLmKPZdi0nK1R5I3/rSbrZIBenHfLhGMyX1SyDbPdabmcT9/JSoTsazHR4wEfn+WOFbPbjb8SxwnIcbHb0ZA3AP29OG6795oBWtr304mhCQYNuZ9C9S9Fkhx2/OdHemVIfrK3nha0lunJIqk0hnw/HcObY+oLagd17MqvC+kVNGSZrdx8eGQvy5qIbSr5Wfqy3j0/5WOm8MXoH9KHJHdzRgaU5A9PklSfDoHIT98bsrn/eO8J/DwNFHteKdFR+4o/Fb2WtGv+6s0M3vDgU1tp/M1nS2xtTmc0YL4RDx5/n6DXSVun4ZBUVZ8mdmUoNGSNU9T5RtWfoyHkFVTVj6trejzB0x6Bj+CsrTQ+uwo9jE8prGFSvdvDBYswrQPWeJigRHI2Bai2aV1v4LNOcdLp7b9OQ7x8ZgXGtWsLDY5OAxUdpL1fr03m96asEjizN6kexiUVksuM3DmOEB91HiJeqiEn+/VwoLS9y+BeXW2Thokxy35gNlxp9S2EKZE0rPU3sUmD4MFkKydLLtlLM+vrNEyv0VB3Qb85waDfJ/qjQQMVZGH9uu7dxVD+4jR81SlMGr6ft/kkDXSUjbeiYnFv7eVtkTdZvhezJnZTMb4jo8edNhq4ziO64cNmde7ycNMsfIWGqCWGEOsrHMWkwVPV87Te3eAYhMzqFCYN+fPWbSFogHp+Tc/n6YIY2UuAyP/4Pr+dS6K6r9NscJyZNh45esxW/WLhlaPjFRrmLXJfVL0UT3do8AkSSnqMmzS8gEJUbk8MjOH9MEmG2aAXUzvUcc04pWzT/dkAokJv+pbpWuDfqNULNPAuPjbSTXCVOtCgZo4e47dooFkt+I/K6OIDC3QnZDYTAYEYUgh72aYONIx4mCY9S9ZW4HagxX2FhkpVXkPAixGzroNQagrKOzR4s0b8B5BIGsRwVcicXgq9z2zE9wvrlJ0WYwEV3XejAboWW/cRTALeiUVL3OdoGDfYRlX6ViXfogFek8aa+CYN25doSJX4ccL+BXXyCMxxgV3BJqlfB3xMpNnjkoYobqXhwANRwBC6EzLV7eU7NBiqBNPQE2OogXdU/B0a5HB7zxsxrtNQlm3V7YpK0gA9uXHdnCvNT9GXNQI5s0+uK+wlnmbQkQawldBUP0IykFZ6n9+h4ewPMT4QDa6sq4klYvseDUoJvg+MGE0aLl6WZdtq3PQFPAJf6jMyz6Je2Nv7MAmo9Ni54fpQ0zCRPUZLHvXCket/8FG5Ig052krDlgfWhK2lNORjT2/EHRraIGjI+UOLfoUFOywn7tEg6sqAl7WtNChc2qrbFZSGD/4j1fJkDh1uMNchlZzxNfay4UaLOtEwkT23RR0kcIeG8VnDDNEA6rVlNqSP0CCy4Yj0QJOGkjtrp8a6/VEwxcwJN8wg6VdTHCSbBg2JqpzhFOpEg2o1lKw5Ah7TDe8NGlqSAg3w+z4NzqiediMU46pu2GCf1eNgnQOlbxa4i4VJI6UktGuksSDslYyYCradBl8f9B6ZneYcJz6aSxz3eUtpxUtp8Sokj9FAZ7l0ZO9QjOsq2m9b8HVGhrpmizzowpdciUdoV4BIOLkoByPT65ZS3YjGWQSs5p+nAXq4aCbkKvqEI92hoZZMA/x8jYbc7ISHoEv2UT5MDwdueYBIPIqagP7hxs5uWaT9QT3+/Y40vONKM/mWKPDolRn3KRqg6HEzIZZc11x7ppc5hLEii7tJw8Zo7mNwVX12Qq/1wLLkfsW1Gqu8hrCrKazpjQ8dV3WjYaQNLKqTkEoDYxJFfmH5BntkjSVwjHu+1xanb+wmcXAe5Jr8F50Z9Rr4TOVzkRzk+OeiirZpxv8juYPW2btJcvqU/ZQ0/WBtNHByS/W4wL3csDJfoCGvBxEGl6eS+VAfEoBUGtAOMjj44FmKh1+kod60GRAdZci7mDar7PM+zY0IYvBQmX82Mm2hIdZ7OtIGP7xEAr2FBjF273tYj+bUkrVE6ofnbzgrLtL/G2HDr0QV60DDs6dA2PwUS3/DqURLcFm2rKRN7PTfzNeiyLemRmyhgcv/2s9d6WlAO9QasklDKCi8TwMMJ8OmHenJEjw3VJ092SXIF3JGWd+nYW1q+c5Aw2KtmawMWZTTKu8jd580OJIFjpsTE2jAk563AG16f+gLXei6ut+bNGyF/rxKQz22K56ZvgXCNEZZPwZ4HAH8WkNjBySriVQi92koFs6T0EaOO5x+Gd29D1PH5OB42PZwBqYkjo1e5UYt2cX4WbdKeIJatnEacK49UsKPc6PpjU1QtodCdA3MJvoYD9SFXh43VZBYU6twJrOV19zci+bl4PMjbmP/qjPeZTmxmIpxnMstBoapsSV0GYnmbITFRJoOTVCBUrPBoSHtqETjUAzYSkp2A9n16+BLzgDe5YbfgJgzBFbMtX+UmQdnjXdo0lwxk+FMKdWb+ifBkTQavo05FeAyH8RJOaVoT3mr9Upzd7N+N1Vz4g0GQf8kRmtEGoWHwj9VepETRx7XjmUtJOKcLky0E3ZOCJuqMxiFMZjM5KvKvCDP/OQoy4iFzw0XKGPjDKHKbwHr+jAvSfPwB6y2SRpEvdHaH2vUMmHDp3J0xrMqgtWtksZydZdsvcCjtWQ+0bbDWJ2QKJMH7SZ0AgwDtrTQlHHVErVAeuJgZOBoMm9yrRobw1TLWyqNqBbcLHZ8+lTN7hmdcMovPKEjPnunbyxpITtda07TbAQ8v/WDFsHn9g64AlFx7A3hcIPVwHXd9YqO4ypN06GnLyDWwYBhFXiyheucJhGBa2ewzXKvRsBABxvruXw1WLPTy+vBSp6C2ENpLCjIN7icwfBypNJ1fBoaCwSJ0bZY0Hn5QWMYRxqcMDtQDj7m6Diml8t2BR6Nvu97uJa5l2Xbvv/wIaM6e1LPu2F3Eo4rlOZZK81CgQkVNVzC7Wl2jwCKcVKbmwe1mW3xAtj6TdNfm4iq6WsElMHKHWmDf/HivpMFYKaMvfVwzXt4dJUFqrhybviNcmF/Mtv0aWPZosZUrS+5uf/ePLZv4GvBDEixqGH2auvRa4vHwMxFsbQxvXs3IJfETMO/5Gm3ALAVkTSVRg3/3RUoR0NKmrslFk9gr4mVqJ9czqcqb19D+Pxt6tVKetq61WXxOIh50tpxGs48icbJE/JTGx//95hqXrSe0xtUN3RCto/jetU8IFZD/xDYOrhetKfXKVBwr6S1eAFsHY02BD2xG519GJ0vTlCQOer3hVUNPwZiuP/dbb8fMFN0p84HEGZCOaOs3/ew/4ztLZrfN1k8CeZ6bnjnmJNj+0k+2a4jNZuGJdrHUdi2aW2L5+CZenZQhAMqko6UCv5tPKVjwkTXYTTS3XjsMPZ/tao/jHA/WEebKy937Y7j6rdMErZ1rJ1xET6lvUtmfNd2G9AfQnfjeEwmNWxdb5mm1XA4rKp0IudP9DZJKYp5SReK/fkkSZPJQftuf16wsMlp7jtOdjkVPEpxuvjOcH6giem75WkqTLRqXqRJsTwdnOB8WhaTCc89pf9ODssT6Dn3jeVB0y3nb7vpKe031/qePC68gD2k6WnJktBMTm8eu3xA3MahoaR61KdV4nU6zGHTbv22ZAHF5elNUIaDYe/Aqba149PlNeHif0g2DjdjtRsUmJ3U2FPJD/LbrI9C9vSogM3mS0GLyeR7dOB3eIBTIYuCjrW8kDtjO/rYV2erl3IrrH+ATdPUWRfNdSZ4GveiSHI8T+GmjZl+wLj3Tcin72WJqklRSH/aaRI0P8qUyOsWzEQL90sIOZv7Rw9hYGra0TDNYjpGR3Dcc0r7zqNjmoZq6UjbN5eO3CEstTA2c6Q9Jm5v0NUKE43KR+KKbkYP+oEZmsMUnCgwS0MnpuitE+TwhdHECo35fjQ5orHGXsJZqQglgUOrkeiUJHD3+33ES9iN6M/9oICtVjgdgPe/WZuv35TTDWy4tHuGQD6173R7pPUIu8OOITVfHbAdIC5x0cTyGX+Bz1/LmbZV/YnrJXJbCRrUi9rvzmeK2Ewp9Ghs0SqPIw3qs2u8uaD/MqUvfTEUOU5AEhjvSK5mja/DH8eWXLv+BOZze2cvyLX9T3x8WmKI9YpQNAs9AjodMcM0ACnadxwX1QWu0b+IhjdcDf4xmTpztMKTcac0I6cBrPehOlms0eBBUfFMnw7hj1jupHGqANol19R7FCYRkKv+pEULDVtcgjxQcdAioIboNMDYQyJlU0sAk4ZTnYtGg6/FK/Bc7KseRzRcVD4aDQMhNuDgnzpEvWwXzw/CNye98+270ao+REKfgpPesSW56shoo6GPaRgSQTCKlOFzejoNrjkn+6TU36HP1up9co0G/Tv4MRa1PXUWCdEQqiw1GlTwCUvK4AdEkiOOO2ohbXchaudO8+uToQsNmTiwVVtaN2iADNH5/UU9aEwaEDQa4AOLHLW3ZbsK0VBDo0FBfAgYiur+jJ+Zla8dRRW2ADmK/xk0LX7rkFoHGvryOI7K4xYNYCkoS2SP+v0xGsSY5TS0fJr1AA3CcOCiK33hoJiOoyliwJDfMhNuOzUFCNSt8TGHlvYeDcI6VGr6Fg1h3WSGFHWhRoNb4qHSIpQkXZ8tNXQeo8GBxUvER0XLl9hPITDLD6lePAfcSKmc4ZGMtTUDG1sfVzPrRgNc+qXW4bdoMK56mCFJrHVvoElWjQbew8otBpI9Ma30h2iAT+jOrLktE+tJMGXQdJdwg6Clv5lJft2p140G+YGvEPM3aYDTCitZKeRdd7G8nGjfr2k0cNNbGUfyHLDxyc9DNDgVzyLo/+S5xZ5WTYEY1g2Nk0isus3bchQ60iAP5IKuvEkDfEslBt0BG03ilgx2AjZbkhIXiWkojAzFxVxkpg29x2iAZer4iQvyboANEPRBzigbjTxx7yk5uJs96tY9FrMt6EqDpqZv04Aumgk120C/bKvERb7J8d7LWY2mWPdt6iTog5QHaRAnilqvKn0aTP7Wax95e8OHNJTqwsKvmyLpARqEmubs36YB7EMPIuLvTICGy3w+P4/baJh9fvDMjobHZyOHGB7MD9IgXCQ/u+USfxIsLKGI4RdJwH1Yd8q0TU5hdKdBqGlmdd+mAQibQ/G43UAD/N6MNfcIp+GcJMa3RBL18RPln36UhvAXaADVr0yvmDU8i9hu80Hj53C1VhLdaZBXeWV3aQA90mOKXTPSNUsp+8KvlFBaNOQVx155yaVOfJQG5zdogKbWtuAmkldi9JD8ZIPo47Zp8AANUk3v79EAd1RuWa9oM1FfN7QbrCDDW24yXwtNLWXx36ABStQW+VtiLJa5M+jOjaPtrj3k/EI0CDU9i+/RUIkhPdZL12joaTZLbSnNcSQNULqcRH+EBic1s/WI7myaNIhqwa6FBp+U9QOmQfTRm3eHBlhlRHujRzo5M0D0Nc80ONInIR7+Cg3QzciWHuk14KvPuyt3rhMNV0eCP0fRaIjhXrnxHRrg03S/Mqz0bj4lPpXav5edovR/hgbgAUnfHSKlt+jEAjTa+Hp5ircTNBrUdVl3aOAr3/LLOAvSQoN8wMs3KEE6Lw6ogf2/OBuEXJorb8uqbjbc69PBsZ7jiQ4ItbFY6SIr70SDuAvT2OVq0qDuHsE0QBFy5Z8ibwhjV9q5f4gGKHamzOyeHt7lPvC4KQJ8jZaJIbKGXWgQe4GG/d+kYShL0nxK4MxT17TUuWAf/1+iQYwcYwM65I0quzmxeIdhj2Ckq+ydeb5p3kaDOe+4D6VsC8TGXE/lrdEgtmlgFOVIZL6h5NdpaP8LSC3j7QcRwd+dwI4+oKbrHhPsmNfn3lZ64zbND+qPOg3tzStJ0wsc4FHO6j5WD1yTKS0gNrJ4owY1PSy9WlHwHjdv6eLuhJarxxxpgT3/5zPu4aA3LjSe70IsjiuXMjHy5vqk7u2aIj7SaABH3tScehlp2ESxuDsxzdfr9cDzL2rEi5HzpaQoXAYyc0Vp8PebMlyVHviZ2kyx9r4Gh8/n7/1ZMnDITyP08P3IlwwhutBYl3DqnMGnZsfnioYtSveubczE5mHN9m/D2Js1DhAHS2SembDlLocl7nV8h5EccNrnBYYfrcQJfouJDXyOOFQfJj76J1MiX9xFM55keAhv/a2XU2R93btQyWYO/H5G3wcsilHoxNAX1dDXMRxWKU8T9VkhQcAKkldfDHhYvmWqP4abbciynuHDPqsYTeFtfVnM2t/SugSrgNXFEJI+rSfPMM8y/9qB5NcBc2DMBw45P/dRTxh2/07U/a9/N/TvuOwjrF3BP7m/ZPEooouUTBb/KAYLkjx9Z5bFz+H3lI+FhYWFhYWFhYWFhYWFhYWFhYWFhYWFhYWFhYWFhYWFhYWFxf8K/gMFmRGJBRYjWQAAAABJRU5ErkJggg==',0,1,NULL,'2023-10-28 00:02:53','2023-10-28 00:02:53'),(51,'Mr.Lioness','Messi','lm07@gmail.com','$2a$10$ggmRO16lP6m5ZtblglD.GezXPoNHtutjy/3c8nuBgSoiFPaHSML.m','1782172817',NULL,'',0,1,NULL,'2023-10-28 00:55:32','2023-10-28 00:55:32'),(52,'Mr.Cristiano','Ronaldo','cr7@gmail.com','$2a$10$9GMtNpdeJi1D6J82ul2Xs.VK913UaJm704PimGPnpBt56iR8Vj2UK','91123456822',NULL,'',0,1,NULL,'2023-10-28 01:37:20','2023-10-28 01:37:20'),(53,'Mr.John','Wayne','jw@gmail.com','$2a$10$wwViu11YKBrAkODXHVVTAOJh1VxPOMtxYZUT9mesbf9JMSPBMNUqK','17828828322',NULL,'/9j/4AAQSkZJRgABAQAAAQABAAD/4gIoSUNDX1BST0ZJTEUAAQEAAAIYAAAAAAIQAABtbnRyUkdCIFhZWiAAAAAAAAAAAAAAAABhY3NwAAAAAAAAAAAAAAAAAAAAAAAAAAAAAAAAAAAAAQAA9tYAAQAAAADTLQAAAAAAAAAAAAAAAAAAAAAAAAAAAAAAAAAAAAAAAAAAAAAAAAAAAAAAAAAAAAAAAAAAAAlkZXNjAAAA8AAAAHRyWFlaAAABZAAAABRnWFlaAAABeAAAABRiWFlaAAABjAAAABRyVFJDAAABoAAAAChnVFJDAAABoAAAAChiVFJDAAABoAAAACh3dHB0AAAByAAAABRjcHJ0AAAB3AAAADxtbHVjAAAAAAAAAAEAAAAMZW5VUwAAAFgAAAAcAHMAUgBHAEIAAAAAAAAAAAAAAAAAAAAAAAAAAAAAAAAAAAAAAAAAAAAAAAAAAAAAAAAAAAAAAAAAAAAAAAAAAAAAAAAAAAAAAAAAAAAAAAAAAAAAAAAAAFhZWiAAAAAAAABvogAAOPUAAAOQWFlaIAAAAAAAAGKZAAC3hQAAGNpYWVogAAAAAAAAJKAAAA+EAAC2z3BhcmEAAAAAAAQAAAACZmYAAPKnAAANWQAAE9AAAApbAAAAAAAAAABYWVogAAAAAAAA9tYAAQAAAADTLW1sdWMAAAAAAAAAAQAAAAxlblVTAAAAIAAAABwARwBvAG8AZwBsAGUAIABJAG4AYwAuACAAMgAwADEANv/bAEMADQkKCwoIDQsKCw4ODQ8TIBUTEhITJxweFyAuKTEwLiktLDM6Sj4zNkY3LC1AV0FGTE5SU1IyPlphWlBgSlFST//bAEMBDg4OExETJhUVJk81LTVPT09PT09PT09PT09PT09PT09PT09PT09PT09PT09PT09PT09PT09PT09PT09PT09PT//AABEIAeQEQAMBIgACEQEDEQH/xAAbAAEAAQUBAAAAAAAAAAAAAAAABgEDBAUHAv/EAEwQAAICAQMDAwIDBAYFCQUJAAABAgMEBRESBiExE0FRFCIyYXEHFSNCM1KBkcHhJDRicrEWNUNTVGOSoaJEc3SDsiU2RoSzwtHw8f/EABoBAQADAQEBAAAAAAAAAAAAAAADBAUCAQb/xAAsEQEAAgICAgEEAgICAgMAAAAAAQIDEQQhEjEiBRNBUTJhI3EUgTM0kcHw/9oADAMBAAIRAxEAPwDpwAAAAAAAAAAAAAAAAAAAAAAAAAAAAAAAAAAAAAAAAAAAAAAAAAAAAAAAAAAAAAAAAAAAAAAAAAAAAAAAAAAAAAAAAAAAAAAAAAAAAAAAAAAAAAAAAAAAAAAAAAAAAAAAAAAAAAAAAAAAAAAAAAAAAAAAAAAAAAAAAAAAAAAAAAAA8tb7d2tj0AAAAAAAAAAAAAAAAAAAAAAAAAAAAAAAAAAAAAAAAAAAAAAAAAAAAAAACjb7JbAVB4jNNtb+D2AAAAAAAAAAAAAAAAAAAAAAAAAAAAAAAAAAAAAAAAAAAAAAAAAAAAAAAAAAAAAAAAAAAAAAAAAAAAAAAAAAAAAAAAAAAAAAAAAAAAAAAAAAAAAAAAAAAAAAAAAAAAAAAAAAAAAAAAAAAAAAAAAAAAAAAAAAAAAAAAAAAAAAAAAAAAAAAABYy7/p8S27jvwi3sc61nWtZydPUoX0Uuzs3RJpwZ0TLpqyqpY9qbhPzs9jk309mn5+pYFsv4cLX6cn7Iv8ClMlp37hDmyTSqQ/s/1e+yN2HqOZKyxtemrJbybJ5XvGPGT7nE9AtytN1auMZKyF0tjsGArXp2PG97zilu35Z5zcURbyr6kw238WwBRPdFSimAAAAAAAAAAAAAAAAAAAAAAAAAAAAAAAAAAAAAAAAAAAAAAAAAAAAAAAAAAAAAAAAAAAAAAAAAAAAAAAAAAAAAAAAAAAAAAAAAAAAAHmSba77bM9AAAAAAAAAAAAAAAAAAAAAAAAAAAAAAAAAAAAAAAAAAAAAAAAAAAAAAAAAAAAAAAAAAAAAAAFGtzkfWcMq7XcpupVxivHtM61Jbrzt3TIr1dp6vrvutjyo4rdFzgZPt5v9oM8TNYmHOK8iyeo0yxqXD05w+1ryjsWNkyljVy9OU4Pt29jjWp47wYVVV5E5KL3l87M6zoHGzTFW794KKLX1CPjFnmH49Q3dSSj9r7Hs81wVdcYR8JHoyZWAAAAAAAAAAAAAAAAAAAAAAAAAAAAAAAAAAAAAAAAAAAAAAAAAAAAAAAAAAAADw5gejx69XLirI7mpzNbrxsyyqdFqjCO7s/lIl1P1Bj30RVWXKiTmvTcfdE+LDN5cXyVrCd35caoKXeS378O57U5eqoODUXHdS3OSaVqGoQza416lfVRZ3dcO/b47kyxMvUM+iNscunGyMezzPxZHwiTNxbYo2Y80WS1N893Ps14Lm6NNivMjOyeVkVy3S2hCPZF+rUqXbTW+fKx7eCtMJZiGzBRFTlyAAAAAAAAAAAAAAAAAAAAAAAAAAAAAAAAAAAAAAAAAAAAAAAAAAAAAAAAAAAAAAAAAAAAAAAAAAAAAAAAAAAAAAAAAAAAAAAAAAAAABgalSpYtyXicWtjPLWQ9qZ9t/tZ7WdTs1vpwnPn9dl3Tm+De9cV+SZ0HoXUMfUMT0q5yVlHax2EL1jChgZzx4Nzdm9kbPbuZHQtly1CzEjH7Zd2bvJxfcxbj9KtJmLS7MCzjJqC3+C8YK0AAAAAAAAAAAAAAAAAAAAAAAAAAAAAAAAAAAAAAAAFFv7lQAAAAAAAAAAAAAAACkgPL38IxM26VEXPZOEFvMym9tjX6zj15mk5GPK90RnHvOPnY6r70W3ETMIL1drebfnXYuPiN4zhs2ayDs/g021Q9Pg92/Y96hddl3RxtOtdkKJr1ZuXsXMpRUN5Pik0v7zdxY4rERDP8pv3LQ1wtyc2zHg1SlB7NEs0PCoeJjUZEvUrpfKxv8iMZGVbRfNwa4Q88Ym06Zr4yV/rcfXakqz3PWJq7xzET/TomFkU5WJCzEVfo+zibGjb3Roo4qxMWtYlqx2587/t7Pc3tM6rHvU+SMO+onUL1f7ZKKgEbwAAAAAAAAAAAAAAAAAAAAAAAAAAAAAAAAB5hNTW6+Wj0AAAAAAAAAAAAAAAAAAAAAAAAAAAAAAAAAAAAAAAAAAAAAAAAAAAAAAAAAAAAAAAAAAAApJtLt5KlGvAHIOqeE9QtpbUfRtk1sWejr/psmqyyXCyVqgk/c23WWJVRrztlBp3KWxEcZZt7bjd99dicfykj6HHu+GP9Kl5mclndcTIlbCKsSU5bvZfBkmv0xccaic3vZOpGwPnrRqdLYAAAAAAAADypRcnFNbryj0AAAAAAAAAAAAAAAAAAAAAAAAAAAAAAAAAAAAAAAAAAAAAot+4FQABTY0OvvBcPpdSsdcLWnGXhdmb1yS8sjnVeHblaTLHf8Rzl2l/VRJh7vEPLbisoj9BTXnX2Y9kJUXWcoOsuTqVkGp7cPmR6VKrkq/wxrW0F4LeVjVZWJKFs57flLY3q70o6abIVFuLlShHf7ZLt8o3fReN/Dqs8OUEnv7bEdtd/wBNY1S/UUvwQ/lRMemoRshP1t4bQUznkTFcc2dY4mbRCTXYVWRGv+I91JTZs6IKEPCXcxdOhFYcJOMuU++8jOivBgzO+1+XsAHLkAAAAAAAAAAAAAAAABTco5bdt1v+YFd0Ny0nvF7SUv0KpnunXiugonsVPHIAAAAAAAAAAKbIqAAAAAAAAAAAAAAAAUW5UAAAAAAAAAAAAAAAAAAAAAAAAAAAAAAAAAAAAAAAAAAAAAAAAAAUb2QEK6+x6XGnJug9q1/SfG5zzRVHH1aM7/6Ny8+2+50v9oGVXVpnoTrcvUOZ5/qRucY2r1K+3c3uH8sERKrkmIv07NgOpwqsx7ecElHY2ZCOiLMiGlb22/xJ7f0hLMXInbU/UqnU02vuRiZaTS/isRfyjbMB5i9o7tlVJNnDpUFNxvu0BSUlGLcuyRi06lg5EE6cumak3FcZruyPdbZ9leHZiVXek5VSnKX+yc+xM/O0uivJ0i/00vMHBPmXsXBtkwzk33+kFs8RbTsU41Y97tm6oStajyb25My/Yi2n+nm4mn16njWzlJK+O/itkojOMm0nu15KM+9Ja28o29AAOgAAAAAAAAAAAAAAAAAAAAAAAAAAAAAAAAAAAAAAAAAAAABRxXwajqS94WnzzlGdnpL+jj7m4LdsYyrcZx5Ra8Cs+M7HOdQ9a/0c6dTq3j2gaS7X7LHOm2iMEovt8m417CuwLb/VyWqbLP4e8t9tyNZFmPiyi3ty2a3PocXdImGfffnNWPZPIhbRmym1K1pKKflHRun4y+nhOMXN7rmc/oav1PFpg/xyR1DRoRpx5cmo/cyPn3iuLUpeP3eJmG9i+WzXZfBej4LFMEkmpb7ovow5XbaVAB45AAAAAAAAAAAAAAoypRvulsBj35DrfGCTslF8It7cmiKQz8nUHvreHXh3RltWo28lI3OsxoeRC6+W7p/o0pbd32ZEtZVWdKuvbjCE+f6lzi4ZvO0OW81nptJa9TTfXpeJdRO6xpbd9jZVapYsZKnFi7PWdShCTe+3uRrScWFmsVWek4KmD8R7Es0middV1MrZbzsdil8L4O+RjrQrktZs6ZbxS3+73L8fBbjTGMlLd7lxFGU8yqADx4AAAAAAAAAAAAAAAAAAAAAAAAAAAAAAAAAAAAAAAAAAAAAAAAAAAAAAAAAAAAAAAAAAAAAAAAAAAAANB1dirI09Oc3GEN+Rx3N4Wucce1Srg+zO2dQW11aXc7I8ouEuxxeyFX0M740qt2Lx8Gz9P3OOYn0hy19WhLOhNWxrYfRShOGW+3reUdCjZbRh0xvmsi19pWxSUTiOiZ2Rp+T62Px7bOS+TN1LqzKz8T6eOOqo83JtWMj5HDtN4t+yltbh2HJyPp8KyUZR5Rjupexpcvqv0ceUIYFtl6i9vCi2c3j1ZrltTqlmyjUl4hFGvhlajYrLoZdnKb+5fJzTgTHd3GTJaf4zp23GzW8fHsvnFTshHdLxyZkepYrJxcNvGzOLrUtRWLj41+dN1K2NjivxdjqGjazXm+j6k+W6+3cjzcO2OPLXSfHnrPUsPrGPr74+0NrKJQlYvMNzlytcMOG+/Dw9nsycdVWy5ZUcTDePZt6lt26asZBbFys4t7/b936mlwonHi1KtlvF7dfh0jpHVbpV2wtr9bgopTcu6gybw4xr3h9263/U5F0TmZ377awrFCtQasVi3TR1SSsnCEK9oSc4zk/lb7sy+dStcu6+pd8fcV8ZZoAKSwAAAAAAAAAAAAAAAAAAAUW5UAAAAAAAAAAAAAAAAAAAAAAAAACkoqUWvkqAIL1BoVFejZuLVdfddObuVl9nJ7nP/SyoSas4vtt2OpdX+nDEs/jQplOP4mc51u6mjLUYNxn6fJNLs/yNvh31j3Klkjc6V6frlZOVlyj6lb2gdOxqq1iR4tS2SbfI5JjZ2RQ1fTXDdrwSXTtYxs3/AOzsuD9KyO+7ltuz3lYLZIj+neK8V9ulUtcUoriZEH4NVg5lV8VXz5WJLsvj5M/1Ytrb52MWYnel2Yi0bhkgolsVOXAAAAAAAAAAAKFTzKSit2YyzYcOVsXXGU+EN/LBETLK3IvrOvanTl1R0rHosolDlKy1tFOptflp2POjAirbuSUtv5UyJZWbn1whRCxXLwt/5EaHF4c3jzv6Q5csU6gzNSyo2Sty8u+bsThwjDtJszMbR87IqqjTdCr7F3n32LCx82+mNGPYvX3Tb4ko03R8zfHvok8WL73RtXKcy7nzRijVdQgxY5mfKVNGwb8PaErIXXODTaiSDEx1RWlL77H+OZ6qx/Q/oqq0vy8mQY+TJN52uRWIEVAInoAAAAAAACjW5UAAAAAAAAAAAAAAAAAAAAAAAAAAAAAAAAAAAAAAAAAAAAAAAAAAAAAAAAAAAAAAAAAAAAAPMpKC3k0kYWo6pi4GNK+++uEF3/EtxWJmdQKaxF2YyhHu2+6/I4v1BKEMh0QuUp1tppRN/wBQ9ZZWTqmNZpGTL0IQa9Ndt2RC9TuyLbLFtKcnL+82+Hxr1r8kN7xPSxGbhZyrbReVXOvm/G54hVykk2lv23ZKdP6Tys6TqskoUcIzVse6kX7TXHXdkUzuYiGtrwLamkqLpcu6Sg/BnR0zOyoNV4lcOHnn9rOhaZol9Po02xj6FcVtZ6jcpL4Ztp6Tg2WuyVEebXdoz7/U4idRDmeNaZ25HfiVV21UO6Hrwjval4RcwvWw82qyO1qrknDj8PybTqbS46d1DOSknXkQ2iiO6hY6MdKtqGzRoVyRfFFvxMIZ/n4w3Gq5lMs53Veo4ZEob7+yRo3p0ZZd3GacXNtP8mXKpycW7GkoIszvSh6tcbHv232PIrXWnlPKI1CSaHYtO1nEodVkqMqXpPh7NnUKk+/ddnsv0RxKnUM/H9DOxpcfRmdc6e1WGtadXnQrtqabhKFkdt5Jd2jJ+o4rRMX/AAvYJjWm4ABmJgAAAAAAAAAAAAAAAAAAAAAAAAAAAAAAAAAAAAAAAAAAAAALF8pxtrcZKMFu57/BfMPPz8TAx7bM26FdcIcpbv28CPZDnfXV91ubhwjtOvK3NBm4s9Q+mxcauU5qz/wRNn1Ll25PUcVkRWNjwjH0YT9zcdMaalPIv9PmpdzareaYYiyrryy6hCdRwpadNTurd2z2+FEz8VzrnH0avW59uHwvkn2q9PV5WnxdUVFufK2BD69MlgZubZj3xdNW233btHWDkxeZ2Za+E6lvOn9aWNjxx8pY9Th29X8iT4+17Ti0qZxb/wBps55wowK5Zs7LJ/L8olmhahiZlUIxyofUuPOFf5FflYIj5VhLiy/hLKdowSXsXE9zDxrXZjQlL7ZL8SMqEoyhvF7ozJjSa37ewAePAAAAAB4ssjVBym9kg7Fv+WxYza/XojxklxlGfddmkavWeoMXTtNnnVP6hQaW1Z3Ss2nUPJtEe13VtUjipxrod09t39yWyNFqOtPKljTx16MK+75+TQ5edbquRLLy63j1zfavl/xNXlU0VZDybMuxLfw3vH9EauLhxXXl7VL55mZiCx6jkRurjlfw5zb4e5tNP0jIxZK/L4SuvajBKZstE0G/Oxo5kY+lXPxGxNMmWHp1eLBOSVk0vJ1n5dKTqjzHhtaImy3h6aqK4S/maXI2ZRrdp7lTHvebTuV2NRGoVAByAAAAAAAAAAAAAAAAAAAAAAAAAAAAAAAAAAAAAAAAAAAAAAAAAAAAAAAAAAAAAAAAAAAAAAAAAAAAAChSTSTbKmBrGpQ0zTrcuaTVfs3sK1mZ1DyZiI3LF6g1jE0/BseRDn9jlt7I5Jk6q8jJlmqxTzL1s4OG6gvgzOqM6nK1aV/qO+OQotvf7YpDR9Psz8vliYc7fu+6zklFM3+Lx64Ked1XLk3PULOjabO/d5C8x+3t4Rh6hQ8e/wBSqxTq34uUfZnYNN06ONVCMXylt32SaTIv19p05Ys/pMSEHK2MrJLspinO88njEdOa45/lLnct3ZF7bpb9jrPRydmj43H7a3E5TdB1ylXZ2sS9mdS6Mya56Xjek+1daSR39R3GHbrH/KEwUVFt792V27bfJSGzXJe5SXLlHjttv3PnVv25r1/k1PVMXDW1co/c5EapoWddDHtknvvvKJuOucfbrVuyt2VSri9jB0Kt2XZeTFNKhpKB9HimIwUhQvXUrWDiRjCVc4b/ACpmbRhfUaPfCCpruhLapRKQcHdffVJ7ppWfk0bfprHjl4c8pVPk5uKm4HWSfCu3FZ3KL46yIUzpyK1GXwTHoTNuydOxqIp+nRzVhGdax1j6zLGxrpTTrVk/u78t+5f6Q1qWlapCi+EoY+ROcO/8spFflbyYuk+KsVncuvR4y+5HosY8FGKbX37dy+YUrYAAAAAAAAAAAAAAAAAAAAAAAAAAAAAAAAAAAAAAAAAAAAAoQ/qKu7J+pd0qsmFNfamPYlGdYoYtiVqrnx7N+xy3qCdVnUrlj1v1LK4zushJ7Not8PH5325yWitJlY5R6gnCd9M8f6eajFHQdLplhpSoXKtQ7wXmRDtCqv1HPuuqW9dbScPhon+m1Ri5Si5Sg9tt/Ys8yax8YQ4ZmbblnpVtPZLv3ZqbNBwqKr3h0Rrdu8rH8m1hRXBNRivue7PcYqEVFeEZlbTE7hYtES59q2E68eVE5wh6nZsjGTK/RrKsimPetel93dnVta0bF1WjhkRWxBNdxrtNy54UeMvsTr37tmzxuRXJXxn2o5Mc0nf4brRNZjk/TRhZOUNt1Z8v4Zu8LJyM3KlOE/Qhj2ON1bhurF7NELrzrMKpelVXJz2/XclWhZmRl4rd0IQ5rb8ytysOo8ohLjyTMxG0ii01uvB6PEEowUY+EetzOWZVBRbI8Sk/EWvzbPNmntySNVn6hGnNhCE4uFKbvXxuuyNdPq3AjlX0VZcL7KvaC7EHjm5OoWrN1XJUb05OMK0oIs8fjXzT8o1CLLlinUN11D1Vk5dFFGHL0W3tekaJYVNeNZixlbGmcvU25+7MevIX1NeJgVqbh3utmb3B023Py4KCgq9/vsNelKYK9f8Ayq+VrzqzXrH9S2MJtz4r8Hyb7o3RL8mCztXhvJWOVdbXaCN/hdP4dVkLZQdk9zfQjGEdorZFHk8uLR41T4sURO5eYRcdkobJ+e5cAM5YAAAAAAAAAAAAAAAAAAAAAAAAAAAAAAAAAAAAAAAAAAAAAAAAAAAAAAAAAAAAAAAAAAAAAAAAAAAAAAAAAABbnyTb8rbwc1681GGZlQwptxrr2ssSJ/rOetM0rIzXFz9GO+xxtZTys/LysxKbui3ZsX/p2GbXnJ+kGe34edGwnn6hRg4rg/qLOzs+Et5HVdG0evHw3j17V1RlulFeSIdDzWPNZ06VtvKuv9GdEjbTSoQW0eS37eyJPqGe8W8fwYvC0d+12mmFMHCrz5f6sgXXbypZ2Piu5RoZ0HlFJPdbMgvXuJ6n0v37NXqUZkPBtH3omXWWvw1DnDhCzOscpe7iTX9m+XNW5+lSTlW0rITIa6GsiS37yk2Sz9nFk1qefS/6SaganOrvDMf2hxTu3Tp9Gyi9ka3qTV69E0i3Mlty8QXy2bSD3T8EL/aJBZNeBjRmo2fUqRi4KRkyxWVnJOomUd1S3UsySyKqW6rYKThCO85TZvNB0+OJgXZORRwvyYbKEo7NfqWMO7Hz+qsfGslbXLE2t2XZWMkfU0lVo19rs34uPc0MuWZtXFEdK1McVpNpc/zMd4dtahwnXkXv1fmB0LRMaMNPhRBWwjw3XKe7ZzRco10U5MVCqxvdHWdFUlp9ELItThWlv8o6+ozNaRCPBWLztCuosamvPqpg50xSc7dodpsiObbCm/GyHHeuq+Fn6pMnf7Q8Gd9eL6WyUpNSbZz7UKsfHrhiwjZOS2b2JcFYvx/KZ9ut6v4/p23TcynPwKcrF3VU4rimZhFOis226FlLUI0wX2pErMTLjnHeayt0vFo3CoAOHQAAAAAAAAAAAAAAFNwKgtXX100zttnGMK/xN+EYC1jEnZTHGsjdCz+aL7A02UpJLlv2RWL3RgXyveVXXBVLFa++TZkc1XPZyXBe4IjbIKFv1o7raRcT3BMTCoAAAAACjnFeWN0BUAAAAAAAFCkpKMW29kvcb7EZ6wzJ/u+zDov9Odq25HVKTe0VhHkyRSu5aTqrV7czUXh0Y9n01LXKxdnYyPV5tjnNzjXSlLauvfeUyxqWpKORD08iyfCpRfwtvcxsGj9631XY0OHo2J2Ofut92b9MdMVPFVjd58rJ10phWSlmTolCMJR2lH4m0TLDoePi1Vt8nCCi38s1Wl4NNdKswvtpuXNuH87N1BNR7sxM9/K8zC9FIrD2ACEUIt1Jpb9VZtGNZk+nCe8U92n+RKTHzo/6NKT/AAxW7Xyd48k47eUPJrFo1Ll2W8dQrytvS4TTXPtJMk2gZsMqPr47/n9OZqtTql+97oejCeNwVjZj9NvLwPq4Ur+HPI5R9+zNjNbzxKMRMW6dEoyFYpV/9J7FMfMquyL8eM16mPtzT9kzB1OdWm431LsThFJ7zlt3ZH9e6knj8MfTJYjy7HvkPfxFGVj498ttVXLX8Y7Sq7V8LHV3rWqDp8kG1XWrtayq5YWW4463XCD2RrJzz50WvUbp5LjLdLwjBwa1kPbDTrml3U0anH4Vcc+VvarfkX1MC06OLlfUQ3k47mRjzWYuE8Z7ttPf8jbYuiZmRfDGtfHZb2TXYleD03jJP1UnKOy8bkufk46x3PaKlclpaPSunVfCmVC+nhvu9l5JnRgY1NbrVMH8vjtuZNdcK4KMIqMUtkkejHzcm+WV2mKtRxTKgECUAAAAAAAAAAAAAAAAAAAAAAW7L6a5wrstjGdn4Yt7NlwAAAAAAAAAAAAAAAAAAAAAAAAAAAAAAAAAAAAAAAAAAAAAAAAAAAAAAAAAAAAAAxc/Glk4F1NbjynFpOXdHHbtJ1HHWdiejW7ITcG/G+/fsdra3TRoNY6WxNSyqstSlVbV42LnC5MYJmJ9SiyY4t25HRk52HRwhGcIr8+25m6d1drWmy4zsWVWvEbSaZPRWVkZEZ2W0+nHyq1s5EX1vQtQ0zNj6unKONN9rKt7FE0rZePmiKzKv4zG5mrNq/aLqVNX+lYlNqnt6bMbqHqavXa6V3j6Ud1D+Xcu4Wi06vibae1dxez3W2zNbqujS0+DryaHRs0mMWLDXJ1EbLWma67aKChVGM+XJbvwb3prUfo+o6sqqyNblW605+G2aS6qNeOoQlv3a3LdGTPHthZBJzj/AFu5NePKk1t+v/0O69z5Q79j38qoWNRTntyUfCfuQLV645nUOdlXJzrp7U/qjH6b6rqlRCOp5ccZwl3+LDI1zI0vMzpXYuW/Qscf4lMjLwVnDkmNfhJkmLaZ2iy3tWVbTxsceC+Uj31rnZVeJXRVsqVTOd/6rZxNlo2m0abTVB32XR3UvUt8sifUErc7I1Kuy5zq9VqvdcePYkxf5Mu/08vqK6YPo15+t6dRDayuy1Pm/g61XRGFynGUtlHjx9jmHS0FDPrVu0b4Q2rR1Ot8oKT90c/UZnyq543W9NX1FouJrGnzrvphO6MWqZyXeDfujk12NL6FfTynOdU3TfJeN0dv9jjmoYCws3OorlZK2raPpx8Se3nY6+m5P5Umf9Os1NxuG6/ZvZK27JpusaUXtBHSIyUl2Zx3pPJynrEb6ZQ9P7I2ROvY8outcPCIPqMeOWP7dYf46XgAUkoAAAAAAHiUZOcGpbJb7r5A9gAAAAKHmbXZNpbnpmJlZdVGMrrbYQi3x3l43ERudPYhzzrnVdTvx7Mb07KcdvaxprjYkRPG1m+vHnh0vjXP38NF/qDUL55+TZXbOdc7m4vlukn7RRjKCioztrac+/dbG/x8Na1ikxCle89y2OFq+fi3ep+8bJvZOOP87G5r61eXJfvGmyua/tiQ65ReRzinFpbIsQolZOaF+PjtOph1S8x3t2PRdZw9RtXFvvsoP23N7i3SlCUbVwkpPsc16Ft4WTwal2lJTmdKr4cOCm5tPbcxs+GMVtQtY7zkruWUnugy3GUUYeoatjYGHZlXvaFZFFZtOoJ67lcz8+jAxLL8h8YVruc+XWlizpyvzLKIPuocd0aLWdT1PNoccq/+lscpx/L2Rr6MN3ylL0+23ubPH4VIrvIqXyTMul4PU1GZZDhepwn7/DN9hZrnZZRalvFcobfzROI4ds9M1JZNMJ/w21siZaV1RC/IVc6nVJxW1j8IrcngTX5UWMeaJ6s6XDdxPRotP1Z5c7o1302QpUVyrfuza1WSValPwZ845qmmk62yQal6msqyzDxp2UZMO/Kyrs0mZaybNozarVaT58pbNDxlz4yyyhjV5cbJQdO1kJ/zJmPfqMse/J+ojGnFpjHa6T7yk/ZIan08t17ZWXfXRi2W2zUYRXdnMtY13I1W3Ix6to4cG4HrqTX7ddxrMJ4rx665qSc57Sf6xI1K31ce7HxrODr3b3W3ZeTX4XHiseV1XJabT0V1vLtePiVwT8T3W+35nQ+kNN+g4rZSnCD8LZPc0nSGiS9Oi7KkouZ0bFqorrUaYcFX2W6OOdyYmPCrvFTvcq4MJ14sIWJKzzJL2MkoDKTzO5VAAFDHz4qeFdW58HKDSZfctml7s0fUGsrCh6MMLIvlKDnGyMfsTXyxT5WiINdIfmRuwYW3ZFztlc1XZtHZd+xb0vKu0lynCP18rE/sctjS6pqORqeW3PI9NKW8qoHinO9F/a5xZ9DWkTXxsz7T4zuGXqvUeVk2QxraYY9cnvOv1HPbYtUZMYx+plDdb7OyXyYmBiZGZkOc6HNy3++S/CiQ6F048rBsw8vCtcI3clY2dT44qan08mfK3ftiO+efwqoyYUWTa7JKTZNdH0HGrtWRKuTlBbfC3NviaLg41EKoUQTitt0tjLx1KClGUFFR2UTM5PM+5Xxx9J6YdTuzxVg0Q7uLk/lsyFCK8IqDPmZn2sxER6EklsioAegAAAAAAAAAAAAAAAAAAAAAAAKbLffbuVAAAAAAUW/uBUAAAAAAAAAAAAAAAAAAAAAAAAAAAAAAAAAAAAAAAAAAAAAAAAAAAAAAAAAACjSflFQBYpxMehzdNMIOyXKXFbbv5LOp4GJm481lUxsSi/JmHi6PKma+Ys9i0xbeyHGtex8ezIudVfo2095r4Roa/scoWVLxy3JX1FbRO3UE6XTKDjVZP5Iti0WX3KHN/Z5R9LS26wpzqNst4+JPEg4vlzXdeNmYkqXXBQg2kpbpfLJLh9O5eVONeHCufbd8pHjUdLt0rDulquJxUbFFNS/Fv8HV8mLerTG0VbWnuPTZaf1k1p0aLVXTfBcV6jbizW6jqdF9Lurr3yXLypdt/lmmVMLfUWNJ0yXeKsn5SLU5ze65fds/zI64KUt093NpTjovTq86GPnynKyVMpf2SOi0wUK18vu2RLoBccOTVe3JImBjc28zkmP0tYYjx3AQ/rLDtoy8XNw8aEudqV8l58bEwNL1dG16DfZRFSsrW63IuPbxywkvOqy5dPIyNDybLcZQ4Tlu4S8Ns69p1qv0qi7HshPnUmnF7ptnJbMbnplE3s3Oom/7Ncqu3pmupPaVU5RaNH6jiiaRaFfj29xKX18uEebTlt3PQBkLQAAAB4hdXPtCaYHsAAAAAAKeQKSW8dt9iHddWSjjYkGuVcbn6n6NEvtjzr/E47d90QrWNXwsvU8jS8nHmuMXs5+G0Tcbf3Y1DjLPw1tD6cSWRKufpfZPvX23Re1vS3haa77Mh+tW09vPZm8WPgadTCVV3GlR32l7SZptcy3kcoRa+/t3+DexzbJO1GaxT20FsY2RVsFs5Ix+DpthOMl93bt53M+NW7Xcv4sKKboznBSnv2bRPbHDyt9dNzoEv3NB59tf8SG+y+WdPxoSjWuaas9yC6LhKyTWXwXCSsTmbnUeqatNycelQ+o5drZqfgxuXitmy/CNys4beFZ8mdr2uYGlVKOTfxss8Rj5ZzvqXUc/X+Co/h4S2e0+27Re1TqC/XL7/Vw4KipP0DS14er34tKpjZOVlqjBFjBxq4qbvHby+S1p1X0uPFll5FdLXOctt+P5Ezxem42YSX4LOO9aMrpjpvKwsx5GbXHtBL82yYKG235EXJ5078cbvDjiI3Zx67RM7HlLFyZxnmb7/C2NXnRtx7fRUd5197FWdtzcDHzYNWR2ntspryiKah01GlTza8aUrrdoShB92d4edFo1bpxbDMT5QhWDqtmLg71U/TKba5R7d/lmVX1pnQUIW1VXKHZ2KJJcnp66zB+nqwYzuflT/CkaHM6VztP4QhivJokvNflE1LYLx3rbzeSP2xLevNTnm13qitxituJl/wDLfInfOOZgSScPwx7mJHS6qLlXPTrYyj4k4NnjKw7XbZNY1ja2gtknue/8fHM7r/8AR9yazuIZ+P11c6baMHAqosSfCz1DC1LqDU7cbA+vunYqrG5ye3eQv6ejCnldW6e28prsZj0iqeNGh1vJg4KcFCaTnt77toVw46R5dbJmbdS0GJKGRqNs5c5zk+UrH8El0DTKdXyo3q7eE21Gnj2/Vmz0rotQx7Z7uH1CJfpenUafhV1U1wjJLZySK3K5nx1RJXHO9yu4ODXi0KrZSl7yMxLYJJFTJmZmdpwAAUKNqK7tIs5eVVjVuVtjj237LdkV1fqiORTT+57aLLFfD1FP2hv3OqUtedRBMxWNy3mq65g6XGE8q+EVOXGK92yBdY9R22u/Tq6W3ZHtJM03VOpPKvVnq2c67rHHv8s1dltk9pTt5Te27fds2ONwax3b2rWzbiNPOO3Clzt5+pN922Z+HRDNx+Vcn6vNLx32MeGJdlTioNr7tvHZnQekun8fHirLoclt5ZZvaMFZmVa27TqPbK6e0idMZT3+yclsiVVUQr32RShwUVs47vxsi8YebNbJbcrePFFY7VABAnAAAAAAAAAAAAAAAAAAAAAAAAAAAAAAAAAAAAAAAAAAAAAAAAAAAAAAAAAAAAAAAAAAAAAAAAAAAAAAAAAAAAAAAAAAAAAAAAAAAKS222fuVPM5KMHKXhLdgc41nRsqUdQuz7a7K7JLhVD+WKZBKIb32qpuH8v9xPuooTj1RVkzusrx8ipuyqXxHwQjIphTn8qbf4dlkjf407rFpUr2jc1h0jomSs0zEuT2nWlXMkWt6Rjazp1mLdGO8u6lt3i0QLoOVy9ahS4r1XI6RXc1TvNceMd934M3lxNcvlEu8M7iYlyfqTTqtMu+j1BNuuPKu+uJFYzi4ylOXmXYl3Xep15+rRpqclsuM0RyzTZWXRhUlNI1sflOOL/lHEVp8XSP2d5EVpkaqV/BXJsmzOHaTq2pdM5fqY+1kLHtZWzr2h6nTqmn05VLfCyO6jLyjI5uOYyTaFrFMTXpsyxnxc8K6KrdjcHtBe5kFCnE67STG4045j4s68KSyYuu+myUZVt/gZveh7oLNnh9q95OS+JMs9TY9VPVUapTyeVsW4cpdpNo0GLXPD1yvIjfDF9B7Oc/Hc372nPi3+4Z9fhfUuzysjVxU3/aXDCwHZdh0+u42uVabmvcy4NpPk15PntzvTR/BZNwjuoOX5I02t6/jYOLeqbqpZUF9tcpeX8Fjq3XadI0u9xyYwy5Qapj77nILLsrMcZ3WylZHeS+e/lmjwuFOb5T6RZLa6hOdO6+unkvH1auOJ+cYkn0XWtP1fvg3LZeY+GmjklGDZfF2ZD3bSSc5d0jL0jLjpGXKxSnUn527+C1k4dbR8UcZfF22NvJJ7NFxPci2la/ialF/wClcZwgmSKE29vJk5KTSdSsxq0bhkA8rc9EbwAKbgUlFS8nPer4YOTmzsypJT2ddP6tk9ldCSnCqW8l27exyzqxXLVKroY6cI78rJ+E9y/9Pj/LtDnidQ1uVnW2X3VW19l/Ry9jX48ndcoKW732PObluzK9Kv8ACXcChOFt6UH6Uu7fZr9DdrMa1CnNetyynW4T2kYuRl/TTqsit5KW/wDcbVVRtpruh9sJx3Ma3TbrYJ4+LK6jfvOPszvcTHcvIj5aZcerHbVZXdW8f1Y7KcTWvIlh8rFmWT7KKc1uja4XT2RbjS+ophGbXavyzYYPRurJStdmLTXY1tGxObKt8uHFE6snjHefw1OgaZna1kObg511v9EzoWgdNLTbZZeXYrslv7eLajBfkjO03Snp+AqqXCN227ko9mzYwjLgvVe89u/HdIyOTzLZN1r6T48cV7l7UUpN/JUApJQAAUaKgAW50wny5RT5LZmJj6RgYu/02NXW5PdtIzwexaY6iRgT0rFtg421pqXlexbxdDwMXH9Cun+H8M2QPfuX/ZPftbhRCFMaobxhFbJIuJJAHJtUAxs3NxsGn1cq2FVe+3KT2W49imfdk0Y/qYtEbpJ/dFy27Gv1LqDAw65RuvjXa4bxU+yNRrfVCrxlVpjjbOK3mrezkiCPU6pThkZ8N73t+OfJt/4Iu8bizfu3SDJmmOqs/WeoNTuya977bY7L1I1R7L5UWaK2xrLd+PX6Dn8+57g+cZenlRpslPsue8nv+RmTqqopkrZTun+cVubGGtK9UhWm1pjctZlque7b5z+GWKYcMiLdXNv+1IvqU53Sh6f6MkvTml5E9QpsscIUOLVnJeSfLNaV8nlZn+LadIaU8/Euvte9fL+G17k7jiV/Sxx+PGtR22XYs6TgY+DiRqoXbv3/AF7mf7HznJzzlv8A0uY8MUjTxTTXRVGuuKUYLZFwArJQAAAAAAAAAAAAAAAAAAAAAAAAAAAAAAAAAAAAAAAAAAAAAAAAAAAAAAAAAAAAAAAAAAAAAAAAAAAAAAAAAAAAAAAAAAAAAAAAAAAAAAAEN6u06OTqFF6UnKK4v42OYZ0Y12X0xnH+He2n8HSf2gysyoUU4m7njXRlZ/aczydlk5C4bRcm92bnD+WGN/2p2iIvOkw6Ny6rJp2+z7pHQM7NoWBbanGVNUd7DmHRd8MLU4ffCErF7vyX+utXeTtgwUo1xs3fwzjPx5yZo04xWmtpiPTV5uRTlatZnYiao594WfzsktHT+RZoU751wpydpWL0/gjWHhzvng4dS+6+a3Or4ODdRUq/UUoxjsScrLOCIpWXN7Wm3TkSx8jGlJZLg0ktpcvJI+g9aydNlk6be+dbSlQpmR19pFWFiqzErTdz7wXtsQ2+manHJptmsiMlJflsPCvJpt3W00nvrbueNkV3y2r5pxX3JmURvovV6tX0xWuTlkxW1jJH7GJenhaarsTuNoh17iSj9BqOPWnbVeq7JfFb8kH156dfcp1c3fNcXOC3idgyceF+NZVYuUZJ9mc7z9Knbo7ruyJwuhZLfaPZpM1Pp+aPHxn8K2aJidt50vq2U9G0yu+HrSu3Tsh7JFOsdflh6blY8LlTa9oQmiD9La3laFm34/3SonF/w/zMDIzMjUMyTmvW5WbuD7xR7T6fM5bTPp3GWKxqFMmdWbONkpX27Lb1L5eTf9HdMrULrL8qaj8IsaVoX73nVOxzqr5r+FGJ1jDw6sOhVUraCXg75fKjHHhT24x1m3coxl9F408Oz0IKq/zBohPUWFHBzYVtbKyPZ+za8o7KtiMdS6Lbk48501Qucp8nFlXjcy8X1aekmXHE16hy7FnkafCV2NY/Wj4T8bE40bq6rJw8avIzI4/J8LN49+fwiKZtLwMvjkLatvb9TCzMWWBbHIx51zVc42r3fz3NDNgrlhDiyTWXaaMnnjwsqs5Rl7yMyqcpR+5dyDdI9VUainXlNQvS3cSWLPx4JXTnxrl2gYd8U1nS7N4mNtgY2TZbDd10uxLykYs82ucOfrQr+NpkE6g6h1LBzLli5kUsqCXPb8O3we4eNfNOq9IrZYrKXa91Dpmh18Mi9LJnDeEUnJnLtS1GesZErJqfprxUYk5ytnLJybrLpbebJbmVoeHbrNt1bpslst1OPZG5hwU4sdz2r3vOTuGs5OOQ47c+P5eDOxEsjCurtqa2fLf2bJBd0rlLH9R4tylPtBfBttM6csz6aMfPxbksfdTn3rjadTycde5ncOZpa3UQjGNl3vGqx8LGd80+64+InQtFxsuOiQ+oxEpTl3oWy+35Nng6VjY0to4lcIpdmjZpJGVyuZ93qsdJ8eDw72xqdPxqUuFaT8tmQopNtI9Aop9yAAAAAAAAAAAAAABSUuIAGHqOdTh4M7smc6oeHKK3cSN6trkHo9qxp3ZneK5Rn6bO6Y7XnVXk6iNy2+sa/j6VlYtF0JtZE3B2R8V/myFdU6ysnKuxcvn9LDgk3L7bH53iae7WdRdGS9Trdti2Ua57OOxr6YQyoRnfGLt9l4X6Gvg4kUjyn2q3zT+Y6bKz/R42OeVO2v8Ak5y32SLWHDFzbo1Ysa7LrE38bbfJIdH0NXxj9QmbLT9J0/RqbXKa3sfbhEknPFZ1Dia/mWBDEwtMxlTdi47nx/peO8tyOZmXXz4z5LdpLiX9Yz5alJ10t1+jJqbMjG021Y+Pi41MbLpvu3Lb+1likfbruziZ8p1C3haBm6haq6beHu5qPZI6DpmjrEcY22uyMF/DX+LMXQ9EvoxnDIt2b7ylD3JFNT+xQktk++/wZHM5U3t4x6W8OOK9yrTW661Fy5bFwAoJgAAAAAAAAAAAAAAAAAAAAAAAAAAAAAAAAAAACjAqAAAAAAt2X012QrstjGdj2jFvZy/QuAAAAAAAAAAAAAAAAAAAAAAAAAAAAAAAAAAAAAAAAAAAAAAAAAAAAAAAAAAAAPM5cduze727HoARrqCMcnEVlMeDc48t4bNpHJdVWPTqGTXix/0f1HxZ2XqKVsKq3XVzjJ8ZP4ON34sqZWwv+2bnLfc2uB3jVL6rbtc07LdFqnY16X5JNidsJ6lbfc3Ktrs/gw4WRUVFLtsZWHXcrFfCquVUNnPdo06ViO5RTGtpt0Th+tbZkq1Weotq/t22SOgRr41rd7cURno6iNuLjZc67KLVCUXV4iStJbbHzvNyTbLKxixxrbQdSYkrtJuyaK/UyaoNwOT49bkpZE3tOe7Z2vVMWzL0rIxce50WWVuMJr+VnKeoNJu0i36b1q7Wo7l76ZliYnFP5V89JrMa/K90Nqt2j61DEnJPEyv/ACZ1pcvPZHD9JaydRxK7KIydk/T+9djttGzrjt24pIg+p4q0yRaPysYbzPUrpqtSxE6bZSipri3sbUGfS81ncJ5iJ9uPali2WdRzgobV01KxVbd5x28xN1pfTsM6NFtNjpoi9/TkuMrGzoFmFiW3Rusx6pWRTUZOK3SPVeLRXNThXFSW+zXtuX7fULTTxiNII48MbA02rDW8UuXuzOAM+1ptO5T1rFY1CoAPHqLdT9LYmquN6ratk+7RA83HhomXc8jFnKE1s7F32fwzshiZ+nYubROu6iqaku6lFNP9S3g5U0jxn0jvji0acavwPXjVmabKUZ7eGZOPDWMvHlj5bhwS2rc34JzkdHJz5Yc6qI+8FHsX8ro3FzK6PUvthOruuL7F6eZiiImJVvt5NeLmOdpuU8r0Y08rEo9632bLj0vUrba6ZVTlj8ux0W3prNXD6eWP2fd2rc3uJptUKVC+quTXfsu25zbn1r3Upjvb3051pnSGVqC5vgq49mpk10rp+jT4V41EZKuuH9b3Zu6qIUx41rjHffYuJbFLNzMuWe5T0xRVThutppMqkl4SKgqpgAAAAAAAAAAAAAAAAFG1Fbt7IsX5dGPGUrrYwilvuzyI2L3wa/PzoU1tw+7ZN/3EY6j61ji1zow04ya3jY0RvN1OEt7cT1+V83bOCm/cvYeDfJ3KO+WKdL+sa7l6q8RyyIfQTnzcV7teEzRX5SyMi+mFzUOfqWfd9nFfyopfPLlkw9OuuNc3tCuJKtF6ThmRlddtj2cdnGJp1pj41I2g3bJMozi13ZWoRjj7W1NpNxi3sS/RemaLYW26hjVv05NLjN8kSLStJwNFxVHFW80vM/eR4zNRpwnclVV9TZBSt4yK2XmXy/DHBXHWs+V2r1XX8TSMauiqi2y5r+HBLdkS1LW79QyqvSpsp4d2p9i5qGpudsroZ7saWyqr28lrS68mymV9mO94PdwUd3ItYsNcMeUo7Wm3thY2Pk2Zcq3FQSny7LtJHSdA0yyMI2319pd4sxtF6dqwq7M/LktrVyS3bcE/YlOJX6dEK0moxXbcocvm+ceNVnFiivyX4raKSWyKgGamAAAAAAAAAAAAAAAAAAAAAAAAAAAAAAAAAAAAAAAAAAAAAHidcJ8ecU9nut14Z7AAAAAAAAAAAAAAAAAAAAAAAAAAAAAAAAAAAAAAAAAAAAAAAAAAAAAAAAAAAAAAANH1esh6BfPGmoyrXN7/AJHG9Xts5wslY7PUgpbyO6anGueDbGzZx4vdHCszLd0JqFW1Kk1X+m5q/T7fC0Qr5InziWvrjKya8kq6TqlZqXpZNVe9kNoOZGsb+mi99id9BQWRqF07a+VdEFtMt57fbxeSO+5tFXRNOpdVEVJQ7LzEzCkNuC2Wy28FT5+Z8p2txEVjQ99uxAOutHonTXbU415kpt8t/JPyG9cZMMDGhdZ6tsrJOMVHbeBa4c2jNGkOaNxEoI5QwMrBvyJ/e7IylxOx4NdaU7a29rGt1+hyDHzUs3CWVjxyHLvynFbxZ1jTK+Mp2+tzjZGD4/1S39Sny1Mo8MRE9NkADKWwAAAAAAAAAAAAAAAAAAAAAAAAAAAAAAAAAAUKSkor3MfJy68bd2y2ioOREsrrWKx5Tx6XRXb2jdY91FnWPHbJOqvJmI7lvtY1XTqLI6fffX9TZs4VPyyDZnVU3qORh2wduKpNNEchdmWY0srKtcshXqbtse85JfmesdXfxrZbTdj3gvlm1xuJSte43Knky/Lb2uUfqLG24WSbprl3aj8FzSNJutvgovz/AEpIdC6aeXtZl4/8Vr+t4Jrg6Li4VTS4y922MvMjHHjDyuK9u/TS6b09OjJrkoRlWzfyhh48XfkOMFV7v2Go6li4GI7rbEq49uxCde6rdl09Oji/a623YUK1y8idz6WY8cVZlla31PdbqEMXTqFKqvdykRHWLIX6rT6LlG+cW8h7vui2tQdk75xfp32LZP5290SDQOn5ynXfdD1L293Y/c1IrTj13X8K25vO5avSNLV2RKyqvauD23mvLOh6Fokcahyt7qZmU6fVG6FnpqO3lGzM3k8y2TqE2LF492eaVKNajNRW3jY9gFBYAAAAAAAAAAAAAAAAAAAAAAAAAAAAAAAAAAAAAAAAAAAAAAAAAAAAAAAAAAAAAAAAAAAAAAAAAAAAAAAAAAAAAAAAAAAAAAAAAAAAAAAAAAAAAAAAa/WcujA0y/LynxrhHu9t2cMzMp5bndL7eW72j2W7Z0z9o2VXDErwmrJyy33hH4icwipQqcGl5e5t/Tcc1xTb9q2WY8nnChKU+O3f4OvdH3KGFTTKlKbh+KKORY90qrW613Os9ATsemWKxLdS7bEnPj/BpHE/5IS4FE9ypgLqhz/rbKVGq0VXJvl91b+DoByrrzIxs7qKiv1G664NScfkv/To3mhX5ERMRDXYqsy9cw6IVca7LlFs7FRXCqmNde20exxfp/F1COtYnoSUoVWqW/P2R2OiMY5Fjcnzkk3HfsiX6l/KI/DzBEVZQAMtZAAAAAAAAAAAAAAAAAAAAAAAAAAAAAFCpQs35NdFbsnJKKQIiZXJ8tvtSf6mjzNfhj2Wc5xx41S4/wAft6j/ACNTrPVN1D9HFjD15Pb7p9oJryQHU3PMzq68nNnkbQ2bb3ZfwcG1o3dBkyanxhu+pNT1PUMlyrtrxU4Op8Z7qyJG8WlqFlGQuSTSSbexm49/O2vBxqZ3KlbOb9kjfadoluXcp8OBoY5rhjUQ5ndvTTQ0yy+yvF++uVifBL8ibaD0nj4yruzJW2WRS4pm/wBN0uvEpjK/jK9x48tjMvmqcZ2tpcV2/Mo5+bN/jTqHdMFKxuz1VCNVXFLhH4NF1L1Dj6Xp0rK9rr1NJU7NOZqs/q+c7nStLyI11z2V/q7KTIfqWvW6lerLLowcOarkeYOFe1t36dXzViOvbb6zrFmsen6eJ6CoSntb4cmjTQrn6SU16t1j8fLKaVpT1TIk71OfqNN7PsdB0Xp7E07KWTfVOeRODUeS3US7kvTBXUIIicstT0703Vk205uZXFWRi47eyJph1SXKM6Y1+nJxi14a+UX6qI118OKLqWxkZ805Z7Wq1isdCWyKgEL0AAAAAAAAAAAAAAAAAAAAAAAAAAAAAAAAAAAAAAAAAAAAAAAAAAAAAAAAAAAAAAAAAAAAAAAAAAAAAAAAAAAAAAAAAAAAAAAAAAAAAAAAAAAAAAABQ1mvazVouC8m2Lkt9tkbPyc56y1uGRk2adG9V1pOD93Jk3HxfcyRE+kOa80r0jmt6hqOoZi1XnU/XXowrju3WatUqNTjLu9z1pX1FmTc4R590tvlkpytErwZUvNThGyL2f5m/S1MfUf9Kt/KZQ6ml/VyX5djovQWRbKDS7Kufp2HOcq2X1s4VrZ+N0dC/ZnqELFlYU9lfHeZX5d4thtpJSszaJl0MHmpydac9t/yPRhLjxbLjVOXwmziNuq3X6hkXKmuKnJpx/I611Jqi0rS7L3Ccls+8fY49p1N104znOvayTlJy8mv9LpHja9lXkzqG/6Q+lx+oow9Pf1INtHV9l5277EO6I0milW57gnKX4ZkyKvPyVvl1X8JMO/DtUAFJMAAAAAAAAAAAAAAAAAAAAAAAAAAChSUlFbstW5dFLcZzjDaPJuXZJESzuqq3kTxciiyvje4dpdpwS3UjumK9/4w4vkrT+SQZ2rUYVc5WpwhHzY/BznO6q1XM1K+FV1SxnuqnwNbqGrZFmbPIjmyvlzfp0t7wgYkVm3Rm7Yzstb3+1G3w+FXH3fuUGTLNuq+nmUPTqnZKydl9n45vuZGm6ffmSg6dnK17f2fJnaLoGRq06HjTq9Cfe/dd9vdHQdH0DDxY1yqpUIqLil4YzcqmPqfbimOb9tRovScqIO6d8otvZ/oiU4eHRiUv0YP7/k9O36aUK5zcl4in5I7qHVTxcmcPT9WcFwlGvvGMzNtbNyLaWo8Mcdt1qeuadp+NyvyIub7QgnvKUvhI5x1B1LHqDDhVGORU659uM9kYmZk5FuvV5H1csyVab2cdo1pl3SdO/ecroU1tV0T7zXhtl/jcSmKPO6vfPa06owMyeRlxqw63wgtvck2mdKq/Drhnaavtaas57KZutE6UogvqL4LmSqnHcJTlO2dilttGaX27fBByudE/DH6SYcUxG7sLR9Gw9NojDHpjE2bSfsVBmWtMzuU/wDpUAHgAAAAAAAAAAAAAAAAAAAAAAAAAAAAAAAAAAAAAAAAAAAAAAAAAAAAAAAAAAAAAAAAAAAAAAAAAAAAAAAAAAAAAAAAAAAAAAAAAAAAAAAAAAAAAAAAAADUdSZWRiaJlXYSjK+MHxTOOyjO+SryqlG2pcXJPu38sm3X+r2queLBqFaez+ZkLWLbLf02vXtfJm5wcE46edvyp57xb03XTs56dqeJD6Ku6djae/tJrePg237RbrMfA0a6SddkbLd1/YZfQ9GqXqd2XTTUoLZXeZTZkftF0l6hpNNjuhW6JuRXzZYnkRr8O8dNUnycoqgoN/a2n4kTToKUa9bfy6WiIZPOLSV9dmy7emSLoPUXj686bK/UjfVsWMkf4Zq4mJmYl2KPZJb79ip4hKMoRlDZLbsi3lZNeNRK6+W1cNt5eF3exhRE+lz32gn7Tsh5GDh42Pza9Rys2+NiL10xmkqt1CUdkvdbmT1dnfvrXmsebnh0PZWRMzp7TrMnOoyOPOuiSlsb+GsYMMfv2p5Yi19J/wBMQjj6HiYm/wB1FSizbFumFcY71xS3XsXDCtaLWm0LdYmI1KoAPHoAAAAAAAAAAAAAAAAAAAAAA8uST2PFz4pP1OCT3f6A0uI12ZqLxZ2K304qK5JuXlEd1jq7DnHLWBlOVlEWpV+FI51navfm+s8m2c4WJLuy5g4dsnc+kVssV6jtI+qtVepVehiWq6mv+JbOMu0/yI7LMtzroTojPmo8Xt4SPOHjc6Hj13bqfd7El07QOco40JpJLeZtRFMEalWtu0zKP4unXX3KWN2tnLbaS7Mn+k9K0PIqtubU64vfjI2+j6JiadCC5+tOC/pJGZl6hi4eLLIrl6qi9nCHdszuTzrX+OPqFmmLUfJl100URhCquEIrxskjV6zqtFFixlJqfly/liR7VuoKK9asoy7uP0yhZWofPwyJajq1+r6nbGdc4485cuM/nYi4vEm9vK/p5ltquobfO6onZHK+nyU7ITcXY/5Y/kRu76fIlCELbJepL+Z/ibL2Np9c73R6MudrUYrwTvTukaceULcjZen2XY0fu4uNHcKla/cn47aTQ+mLcui+qmfpSg1Cbl8Mn+m6Piabh1YuPWlXWu7+WZOHjRxq+EO0PaPwZBj8jl3zT/S7jxxSP7IxjCO0VsioBWSAAAAAAAAAAAAAAAAAAAAAAAAAAAAAAAAAAAAAAAAAAAAAAAAAAAAAAAAAAAAAAAAAAAAAAAAAAAAAAAAAAAAAAAAAAAAAAAAAAAAAAAAAAAAAAAAAAAAAChhahl+hi3NQk5KL2XyZpFOusyjF0+GNPJ9GeXPZP8okmGnnkiqLLMxSfFznVdRnq1NFeS1C2lvml7m56fwb8qmdkquFEHsm/c0VOPTkaxGvApcoLdrl/OdP6QwePT88LNrjPu4yf9ZM2+ZkjBj+KvSkWnX4bPQ8B4WmxpdspbvluXdXwaM7Tsim6CalVJbmZCEYQjCC2ilskWsz11jS+mrhZY2vtm9k1v3MLzmbeS5FYiNOBZeNCja6ppV2dopFvCvsw82rKolwnB9mbnrDCxaep7o1v01PvOK8QkazFxpyrfBOZu4I84iJjpXvaKux6bn13YWNlLIjL1YKW6iRzrvW67tPlp0JudtjTe3ZIj2na3rGLiS06uUfThDtzhuarJhdCUaZxlk35HtCTkzjDw648k3v/wBPJy7rFavKqhzrxlmuKn2il333fbwdZ6P0d6RpahbLnbLyzS9KdK0493r5UdpqG0Uyc1wUK4xT8LYq8/lfcnwr6SY8eu5ekkioBmpgAAAAAAAAAAAAAAAAAAAU3KgUKb+Ui2rYubrg+5Ftd6oxKfXw8TIc8mHngu0CSmObzqHN7RWs2luM/VMPFtdNuXGN22/pnM9U6v1PIzM2tZU4Yr5QjX8o1GdmWZmrzzLrpTuW39qLF3C/L53JwjN/amauD6dEfKyvfN5xr8KYtEJ0NKpx38P1PJscPT7K6XXdFT90odz1pegW5WVFVN+dvPY6JofT9GmY8ap72Tr/AOlb92Ws2WnHjx04jeSdRKO9IaNbdfbfm1RorXetce8ycQeFpuNOyutb+Ze8mzWarrmDo2TLHvl9/D1N4kGz9f1K/jOqVfqWJWb+1aKUYsnKnyn07i1cad6nq/raJbZp90Iz9rCDS1vGnqrWRjZM4VyUoRh2XJe7NPj5mbVOyuF1ihe+Uq2+SnNko0TSHqUJUZVjg4JbuksTxaceszf088pyWjTQ5M4SyZzVMpTyrW3yXdyZJtE6QnZP6rUrG4+I0QJRpnS2n4U3fKEsnIXi3I2kzc10V1TlOEEpTffYpZud144+od/ZmZ3Mtdg6JptFUIQxUvS8KSNsAZ9rTadynrWI9KgA8egAAAAAAAAAAAAAAAAAAAAAAAAAAAAAAAKSipxcX4ZUAAAAAAAAAAAAAAAAAAAAAAAAAAAAAAAAAAAAAAAAAAAAAAAAAAAAAAAAAAAAAAAAAAAAAAAAAAAAAAAAAAAAAAA8TjJpcZbHLeu83C1LXI4j5epipxlM6XqGR9Lp+RkL/oqpT/uW5xXVLLMjLyrrYyWRK1uEn7xfY0vplInJNp/CDNfUeLY9Mxlka3HH358ocmzqunKNdKriuKg32Oa9CUOzPedTGT9ODqsZ1HFUFUuK/U9+pZItdzipML5RrdFSjMxZcn60eNdr92NGmNORBRnZb8mv0zBzb8uiimK4b/xG/GxldUxdnWeYsiGz4R2N5+z2mc1fZlvlFXNVm/N/tYK2j9Kc0i15iV3/AJPrH1KimNNso2/z+0DYaP01LB1LKvzKY31wa+m29iU1pbPw0n2LhlZOXkvGtrEYqR6W8emFEXGEdkXQCqkAAAAAAAAAAAAAAAAACjANlGVLUpJVuU5cIr3YiO3sPXs37I1Wo6hiYsE3kLhN7NuXiXtsaPqnq36TTpLSXTlc24OxT34nPNY1O/VYUrItdap7Kp/PyXePwrX+U+kVsseobjqLqbLvy54+JbZRVR5spl3sIzHKuV8siyyUrLPdsv49PGSrpi5bruzaab03DMyFCdnqN9koyNiMVMdeoVfOPUtXg13xrlZXQ7N/7W2TPStAnZi0351P3bpv8jcYGJiaNgcYOv8Agpzc5ySNff1Nyx7Jwt5V8tvtI5zZMnWKOnlpivyltIY+Fh6jOvGcIc0rODIzfr+bctQ026z07FP+E4GhyMy7Ny7bbXNZEI8VLfwmUoxLs2tLGqsusnP+kft+bZJTjxWPK87cxZfyLrVgRhmffdW2nY+5c0LQ5ankerivfH7qxkq0Ppat4qtub2XZ+oTHS9Nx9MwIYuPCMYJd9ltuytn58Y48ae02LFM9yj+D0dp8q4WWQJFgafTp+L6GNFRivfy2ZcYqMdorZFTIyZ75Z+UrURFeqwqACJ6AAAAAAAAAAAAAAAAAAAAAAAAAAAAAKIqAAAAAAAAAAAAAAAAAAAAAAAAAAAAAAAAAAAAAAAAAAAAAAAAAAAAAAAAAAAAAAAAAAAAAAAAAAAAAAAAAAB5s5+nL09uez238blVvstwKgAAAAAAAAFH5SA0HXGZ9D0nnTS3dlfpJf73b/E5govhXDI29SuDj93x5J3+0nHyZ9P0qhOxwt5T/AEIDk1ahkQjRKdfNw34PtLY2Pp9IinkqZ+7RCdfs9otqx79kq8ab5x+Z7k2ito+NiN9E4ssbRaIXOLsjFElM/l38stpWMcTFYiVQAV3bkvWM659QXzeNZK9Lt8bGz6Hsy8jU/ttphi1Jp1I1uvPJyNaz8rHtTp5RjWn7beTM6BnGvUb6MfjOb3kn8G7l/wDV/wClO0av26ZFJLsVPFLm6ou1bT27o9mDC4AA9AAAAAAAAAAAAAAAPNk1Ctyb7AVb2PHItztr9Ob5L7Pxf3bkT6i6tpxYQwtMtrlmW7pTXeNZJjxWyT41JtFY3KTZWdTjY9lltkKoQ/FKb7JHN+oeo8/WpLH012Uafvt6niVh4eNqOrY0vXyrrqY/iXiLkWLMOdEq/VnCFiW3BeDX4/Dpjtu07lTvyJtHxjpp58JXPG9SylxXn2mUhh8JbtptfzP3L+dhztsamvPuj3XD8vBp0r4xpDuNah7w6XDec359kbHFt+jayMeC9ZPt8NmFCf3bRg5fmUtryMiCnSlKO3YTWJ6n04mdGfZdqWdK3JnW/C4QbagVqpqnkQxcaucpe+3hG107pK7Pprlbk349jXiommidLado9UFCLtu8ztn5mylyOdjxR4V/CeuGbxuUOx+i9S1B7zyMbGrUuy2bc0TTT+n8PTceFFMU/wBTbUY9WPDhVHjH4LpkZeZlye5Wa4qVh5VVarVaguC9j2AVUoAAAAAAAAAAAAAAAAAABTuVAAAAAAAAAAAAAAAAAAAAAAAAAAAAAAAAAAAAAAAAAAAAAAAAAAAAAAAAAAAAAAAAAAAAAAAAAAAAAAAAAAAAAAAAAAAAAAAAAAAAAAAAAAAADzOKmtnv/Y9j0AIT17j2W/RW1ZF1Ua7f4sYy23iR7GrwsjqKye3OyuqHvvHuSf8AaF6lWlUZLXKiqcvUj87raJFNCrhXjQz54kZVqxN7eVE1+J/4OlXJMxk79OnYE6JYvKqtVv8AmivKMyPgwdLdd2OsmqSlG9KUX/smcZVva1E7hU8zlxjvul+pUtZNiqoba3b7I4r3OhxvqWyijJswavUhOm2yWz8TTe6Jr+zmmr/k/VbXXwscpOcvk5/qU8h6hlQycdX5bk3zfdcU9jpXQlap0SNvqRVc32gkbPL+OCK7Vo/nEJWCkWpJNFTHWQAAAAAAAAAAAAABRvZGNk5UMdbz3UFHk59vAiJmdQL8ns+5rNU1OrColLfwR7XOtaY4vHEotlNsjGVruTnZ7qlCaxFDZRf85oYeDee8kaQ2zxrVWfnWarZlvLqzHVdZNc+L3jxS+C1g4eLj5MszNSuynu17RRrnqaqyK4ej9RCL7rltsYeTn/VZd09pwS7Qh7I1KcfUahUtP5ltcfqLKrq1HHwcbkr5L+Kn2NdXyXFW2+pPb75yl7luyySx16UXxbSa/U94uBa65Sxo+tNPbZsnrirjibftzN9xp6bc94QfGbPUMe7GthROE7HKv1G4xb99iRrozOzMaiULY41+8ZyZM8TR8fEkuEeb47OUirl+o46dV7S4cFp7shWm9PV590FzcJx7zJTpXTmNpmH9NCHNzsdkpG7hTCuT4pHtLYyc/MyZJ99LkUrV5roqre8IJN+Wi4AU5mZdAAPQAAAAAAAAAAAAAAAAAAAAAAAAAAAAAAAAAAAAAAAAAAAAAAAAAAAAAAAAAAAAAAAAAAAAAAAAAAAAAAAAAAAoyoAoioAAAAAAAAAAAAAAAAAAAAAAAAAAAAAAAAAAAAAAAAAAAAAABC/2kZcI9NTq3+6yaOe3Zd88Ommm10zhtvt2ex0T9omhVZujS1Cv7L8KLsW3ujlXGby5c7XOVa23+TU4d4+34R+0Gb+W4dX6N1enOwfM1lU9roMlyaaX5o490nqF+FkTX43NpHWsKxWY8Gk0kivzcM0vt3jt5QyDB1edteC7Kkm4vdozjSa9qcqcZQxoxk+fG2Te3px4t8irhrM3iEkzqNuWZ8u1t8P6SSkk5rvspbtHU+lsdx0DHV8fvcU2cgxcBXur6i+VavsT/VNna9NyanTXTXGT4xS3NT6j8KxVXwxHltnxSitkVAMlYAAAAAAAAAAAKSaim2VND1LlZFONFY9lcO/dy7s6x0m9vGBhdV9U36Pfh14eLG9Xz2lKaeyInqmv63n5O13HHxq5eK/LgW8vNzb8+LnqVttfDtGyKh/a0hVtbythdCyuL2bWzNzjcWmOItMdqGTNNpmKsHM1HHzcvlTG+L22b8R2RZsi53epK+fDbxyNpvmQtsjj6fj2VpLju/Jcr0VZl6+koU8iH8SdXqOKcNttki3N61jv1Dj3PTROFa2lVCybnLguPndm1p0jNV1dN2E4bpNtyTJjovTl8NMksqqvCybLG2qtpbRJFh6dj4lUIQjycfEpeSjl+pRXqvaSvHm38kFwulc/JzK3fU8bHj3n8yJbpehYunqf8GDdkvaP/mzcLcGdm5mXN1MrFMFKzuFIxjBbRSR6AKqYAAAAAAAAAAAAAAAAAAAAAAAAAAAAAAAAAAAAAAAAAAAAAAAAAAAAAAAAAAAAAAAAAAAAAAAAAAAAAAAAAAAAAAAAAAAAAAAAAAAAAAAAAAAAAAAAAAAAAAAAAAAAAAAAAAAAAAAAAAAAAYGs4NepaZdh2TnCNq4tw8nHOoNHt0vXPoIPbaCs3Z3Ejms9J4mq6tLULbrIWOtVpLwWeLm+1bv0jtSLduP49uXXdJVOcJw8tLwTDovqPULNQni5uU7MZQ3+72ZXO6L1fCud8Lo5lffeEVs9jExdK1DSbMrOuhX6bplxipdzam+LPh1OtofKaz06ZDUqJxbjZ5in+XcgXWOd+8cSOPGD532drF47GBRk6i9L4yyoQyMiO9cbJbNIrHHtnp1GBZlJ22Nensu7a7tIrYeJFL+Uy9vlm0agwdGnqVlGK75VXV7OF/HeKa+TrFNSrjFRS2UUuxFeiNIvw8WyzJm5UznvVXZHvElxS52b7mTUfh3hpNY3KoAKSYAAAAAAAAAAFDT9TaVZqeFUqJcbabFYvz29jcA6raaWi0PJiJjUue0dKz1G/wCruxcqmbl+G/Y3WP0/ixmsW/DjKqflbdiUAs35uW8amUUYKR20+D0/i4U/4a/hrxDY2dWNTQ264KLfnYugr3yXvO7S7rStfUKgA4dgAAAAAAAAAAAAAAAAAAAAAAAAAAAAAAAAAAAAAAAAAAAAAAAAAAAAAAAAAAAAAAAAAAAAAAAAAAAAAAAAAAAAAAAAAAAAAAAAAAAAAAYubkSpjCNUd7LHtHcDKBgelqX/AGir+7/IelqX/aKv7v8AIDPBgelqX/aKv7v8h6Wpf9oq/u/yAzwa6yWfjQ9WyyuyEfKS/wAjPrmrK4zW+0kmtwPQAAAAAAAAAAAAAAAAAAAAAAAAAAAAAAAAAAAAAWbsXHui4201zT8pxLwETr0I/f0rp901KdUZKH9Hv5iXaNHxvqVF48Yuhb1z2+TdAl/5GSY1MovtVidwpCEa4KMFskegCJKAAAAAAAAAAAAAAAAAAAAAAAAAAAAAAAAAAAAAAAAAAAAAAAAAAAAAAAAAAAAAAAAAAAAAAAAAAAAAAAAAAAUZUAAAAAAAAAAAAAAAAAAAAAAAAAAAAAPMZqTklv2ewHoAAAAAAAAAADA1D/WsP/f/AMUZ5gah/rWH/v8A+KAvZeXDFit1ym/EUzC/eOU481THh88Xt/eW8pepq3Cf4XKK2/LsblJJbJdvgCxTlKzFd84OCW++/wDgYf7xybG3Rj7xX+y3/wADPvqVuPKpdk1svyNXCeXp6ade9e+77br+8DKeRLJ062cq3Dttv7P9DKxf9Vp/3I/8DGnkwydPulFcWl3XwZOL/qtP+5H/AIAXQAABpd7NQ1XKxrcq/HVHH04VTUXJNd2/n2/Tcy8KGXjX203TlbjJcq7rJJyXyn8/qBng1v76xt+Xp5Hob/6x6T9P+/8AXt4L+XqFOLKEHGy22a3jXVHlJr52+AMsGJRqFN9FtijZCVKbsrnHacffujGeuYyhGxVZLqaXK1V7xhv7N/P6bgbQGHk6jj408eNjlJZG/CUFyT22+PndbbFMTUa8q+VHo302qPPhdDi2t9t0Bmg19+rUU2zrjVfd6f8ASSqhyjD9WXrdQxqsJZbsTqkvta8yfwl8gZQNBlZkcrU9N/g30yja943Q4vbt3NzlZEcXGnfOE5Rgt2oLd7AXgYuVn0YtNN1jbrunGMZR8d++7/I925UKsqjHkpOd/Li0uy4rd7gXwaT94KjTcizH+tul6k4qc0p8JJL+6P8AmWs7LllaDTdbCyElZXyc48eT2Tcl+QEgBr6tWx7MmFMq76vU/o52V8Y2fozPlJRi5SeyS3bAqDTYlN2q0LMuy8mhWN8K6bOKjFPbv27v8zKw55GNVfHPlvXQ94XN95w/P80Bng11esY8rIRlVkVwsajC2dTUJt+Nn+ZcytTpxcpY0q7p2uHOMa4cuXfbZfn2YGaDWx1nHlFqNWS7o+aFU3Yv7PH/AJnr95wu07JyMeMlZTGXKuxbSi18oDYA0uLh25WFDLr1PKd848+1i4Kfnbjt439jN+tljYFVufW4XS+304fc5S9ktvnYDNBh4mo1ZNrpdd1N23JV3Q4tr5RZnrOOpy4VZFtUHtO6uveEfnv+QGyBh5Oo42NCmyyTdd34ZRW68b7nnF1OnIyPp5VX0Wtcoxuhxcl+QGcDXPWKOVsK6Mm2dVjrlCuvk1t7/oX68/GswfrfU40bbty7be2367gZQNfRq1Ft8KpVX0+p/Rytr4xn+jF2rU1ZdmKqMi26vbeNcOW6a338+Fuv7wNgAAAAAAAAAAAAAAAAAAAAAAAAAAAAAAAAAAAAAAAAAAAAAAAAAAAAAAAAAAAAAAAAAAAAAAAAAAAAAAAAAAAAAAAAAAAAAAAAAAAAAAAAAAAAAAAAAAAAAt5Cu9GX07grPbl4LgAAAADA1D/WsP8A3/8AFGea7VZ+nbjT234yb2+fAFdQwpWy9an8fuvksrK1BQ4ejLf+t6b3PX73/wC4/wDX/kP3v/3H/r/yAya/rFhPkou7+Xd99vz/ADMSWRnOmVU8eUt04uXB7nr97/8Acf8Ar/yH73/7j/1/5AKsadGnXys7SmvHwkZ+L/qtP+5H/ga2/U/VpnX6O3Jbb8v8jZYv+q0/7kf+AF0AAayyGnapkW0X0/x6JcWpfbLb5W3dx7mGpXRepafVdZk1Qx24yl90oy2/Dvt3b/wNtlYOJmbfU0Qm125eH/eu5cx8enGr9PHqjXH4ivIGHi3Yq0Gmd84egqIxnv3XjZr9SzdOUtQpw8OVeK/p1ONrr3nx37QSfj5MxaZgrI+oWLX6nnfbtv8AO3jc95WFjZkUsmmNnHw32a/tA1OJyV2sqV6vkq4p2JJb/a/jt28f2F+hJdKvZbf6NL/gzPrwsWrl6VFcOceMuK23RcVFSx/QUEquPHj7bfAGnr/1jQf/AHMv/wBNF7K/+82E/d1ST/8AM2Kx6U6mq470rav/AGVtt2/sKyoqlfG6UE7ILaMvdIDQ6PTmSxrI1ajGmyFkvVrdMZOMt/Lbff8AX/8AgrKqrDr0rfIjdiV3S3sTSjyf4X59nubbI03CyrVbfjwlNfzeG/128/2l+dFM6PQnVB1bbcNu236AavVpRer6XDkuSnJ7e6XY2ttcbqZ1TW8ZxcX+jMejTcLHUfRx4RcZck/L3/UywI1i0S1KMcS9Q3wqJ1N/1bG3Ffrso7mXo90s/NllzU06aI0vkvxT8yf5f5m2roqqlOVdcYysfKbS/E/zFVNdPP04KPOTnLb3b8sDR4X/ADFqf/vLf+B6z0n05hJ91tT/AMEbmvGorrnXCqKhNtyjt2lv53LVen4ldDphRFVufPj3a5fIGNrX/sH/AMZX/iZ90PVosr325xcd/wBULaa7uHqQUuElOO/s14ZcA1mgWxlpkKW0raG4WQfZxe78lvJ1SFmDnWwx4W00NQjKTUo2S7b9vhNr9TMydNwsqz1L8eEp/wBbw3+u3kvxpqjT6MaoKrZrgorbZ+ewEf1hXw02MsjUa7Fa4uFUK4qL8Ps/Oy+TY/8A4n//ACf/AO8vQ0rAhGcY4te0/wAW63//AMMn0a/X9fgvV48OXvtvvsBgYUY/v3UpbLklUk9u/wCH/JFqu+OLqWr3yhOcYKptQW724m0jVXC2dsYJTs25y93t4EKa4W2WxglOzbnL3e3gDV3YOnzx5Z+Hd9M+PJW0y4r9GvH9hZryLLrdFyspcd/UjKTWy3a2j/ftubF6Tp7t9V4lXL427f3eDJtpquqdVtcZwf8AK12AtWTxXnUwntLIipSrWzbivd/l/aaZWXZOi3ZUMurGx3Ca+nhXHZeezfy/8TdYuFi4aaxqY17+Wu7f9vk8PTMGWQ75Ytbsl5bXb9dvG/5gaqXfG0Pf+vH/AIGbnf8APel//N/+lGYsTHUaoqqPGl71r+q/yPc6a5212ygnOvfhL3W/kDA0X/2//wCMs/wNNOMno2RxbjXHPfqNLfaPb29++3YlFVNdPP04KPOTnLb3b8spXjUVwnCFUVCxtzjt2k353A1d2HfcseeTrFcoK2M6/wCFFcpe2zT7l7B/571T/wCV/wDSzIo03Cx7ndTjQjY/f4/T4/sL8Ka4W2WxglOzbnL3e3gC4AAAAAAAAAAAAAAAAAAAAAAAAAAAAAAAAAAAAAAAAAAAAAAAAAAAAAAAAAAAAAAAAAAAAAAAAAAAAAAAAAAAAAAAAAAAAAAAAAAAAAAAAAAAAAAAAAAAAAAAAAABg6pjzurhKtcnDfsvdf8A9RnACO/TX/8AUW/+Bj6a/wD6i3/wMkQAjv01/wD1Fv8A4GPpr/8AqLf/AAMkQAjqxciTSVNnf5i0b+mDrphB93GKR7AAAAAAAAAAAAAAAAAAAAAAAAAAAAAAAAAAAAAAAAAAAAAAAAAAAAAAAAAAAAAAAAAAAAAAAAAAAAAAAAAAAAAAAAAAAAAAAAAAAAAAAAKPfddgKgAAAAAAAAAAAAAAAAAAAAAAAAAAAAAAAAAAAAAAAAAAAAAAAAAAAAAAAAAAAAAAAAAAAAAAAAAAAAAAAAAAAAAAAAAAAAAAAAAAAAAAAAAAAAAAAAAAAAAAAAAAAAAAAAAAAAAAAAAAAAAAAAAAAAAAAAAAAAAAAAAAAAAAAAAAAAAAAAAAAAAAAAAAAAAAAAAAAAAAAAAAAAAAAAAAAAAAAAAAAAAAAAAAAAAAAAAAAAAAAAAAAAAAA//Z',0,1,NULL,'2023-10-28 01:44:05','2023-10-28 01:44:05'),(54,'Mr.John','Smith','js@gmail.com','$2a$10$hDCyHQ0GN2ZdSr/AMUJJsuHhE84rmJNMx2tH.ZB6z15zjREeWAkiO','16767261726',NULL,'',0,1,NULL,'2023-10-28 01:48:03','2023-10-28 01:48:03'),(55,'Mrs.John','Cenaw','jc2@gmail.com','$2a$10$D3VgpHdglSxaMA/JDfMAleeCRHAkYAl96YB1H4YoWyDjDWMymAkfO','1782787222',NULL,'',0,1,NULL,'2023-10-28 01:53:16','2023-10-28 01:53:16'),(56,'Mr.John','Miller','jm2@gmail.com','$2a$10$XPh7X7n5Fzf6w7K/hwVPNuOsg6n2m0tTWF.XzTnRJN5PhEjY5LoQW','178277722222',NULL,'',0,1,NULL,'2023-10-28 01:54:52','2023-10-28 01:54:52'),(58,'Mrs.hfjsjfs','afhbajf','random@gmail.com','$2a$12$UxNmO0zeEKOEtOXE.J6ghOYO5HlNgwcuzPw5YyL550is4YcT5ki2y','128379247982',NULL,NULL,0,1,NULL,'2023-10-30 20:06:55','2023-10-31 14:54:13'),(59,'Ms.lisa','andrew','la@gmail.com','$2a$10$SLrBnoHks45bJD6NstYe8e29HGx.mhH63gKeB6LpBUq6zAzSqdiP2','11234567222',NULL,'',0,1,NULL,'2023-10-31 15:06:50','2023-10-31 15:06:50'),(60,'Mr.Aman','Desai','ad@gmail.com',' $2a$12$W5cLF4R9jGgBmObtu36kxu/smgdGoIvq.Ys4wZavoE79U1nRPuRHa ','112112133232',NULL,'',0,1,NULL,'2023-10-31 15:44:20','2023-11-06 02:55:13'),(61,'samit','mhatre','samitm27@gmail.com','$2a$10$T0umdDGFVO0AWSr4p.79oe1TpOKSdvtKcB3.swfFlsYjKnRXE/kSe','123654789',NULL,NULL,NULL,NULL,NULL,'2023-11-05 22:59:35','2023-11-05 22:59:35'),(62,'Mr.Kofi','Kingston','kk@gmail.com','$2a$10$dLeC/GnPxebEAUz0ezyEg.NX8uoilzrtX7XNiDKTykW0.U6mHVn8S','137374672724',NULL,'',0,1,NULL,'2023-11-10 17:31:31','2023-11-10 17:31:31'),(63,'Mr.parthiv','patel','pp@gmail.com','$2a$10$BVBUV7/8k6Vq5B7qyCggk.z5KDWyAHmgAeaFDdaMBLCBOEVDbvqiS','112121213223',NULL,'',1,1,NULL,'2023-11-10 21:38:55','2023-11-10 21:38:55'),(64,'Mr.doc','doc','docdoc@gmail.com','$2a$10$SLFJXMlU7gII8FaIgzuuD.M3Qprtsq7qbGHh2TM1yBMYrQA1em2Bu','121228991',NULL,'',1,1,NULL,'2023-11-11 20:25:24','2023-11-11 20:25:24'),(65,'Mr.Mohammed','Faizan','mf@gmail.com','$2a$10$4JTzOs5FO7zE9EezzLFFX.hXNfO98bs.DYogujUEKAjHogEGKV1He','11213132232',NULL,'',0,1,NULL,'2023-11-13 17:54:21','2023-11-13 17:54:21'),(66,'Mr.Rahul','Goswami','rahulgoswami.rg2000@gmail.com','$2a$10$JJBHO0h4mlUw3vJ.q85.Ze24GdaLLFGsqgy1.XTcHWszh0oJZXAly','1121232482',NULL,'',1,1,NULL,'2023-11-13 18:05:47','2023-11-13 18:05:47'),(67,'Mr.sjpvt','.','suyashjhawer@gmail.com','$2a$10$awb47TdrLJkixSYgkF/E1u.xcjyPtvo9MoE7fEK9DHNwmxBGJmC7G','1712346812',NULL,'',0,1,NULL,'2023-11-13 22:06:26','2023-11-13 22:06:26'),(68,'Mr.aman','Desai2','ad2@gmail.com','$2a$10$pjIfjqreOqdngCMc5RjBhexqx96UTkeI5qKgxDEDexZk7Bx1KfiVG','1212121132',NULL,'',0,1,NULL,'2023-11-14 00:23:00','2023-11-14 00:23:00');
/*!40000 ALTER TABLE `mst_users` ENABLE KEYS */;
UNLOCK TABLES;

--
-- Table structure for table `pet_report`
--

DROP TABLE IF EXISTS `pet_report`;
/*!40101 SET @saved_cs_client     = @@character_set_client */;
/*!50503 SET character_set_client = utf8mb4 */;
CREATE TABLE `pet_report` (
  `pet_report_id` int NOT NULL AUTO_INCREMENT,
  `user_id` int DEFAULT NULL,
  `pet_name` varchar(255) NOT NULL,
  `age` int NOT NULL,
  `breed` varchar(255) NOT NULL,
  `report_text` text,
  `image_text` text,
  `disease` varchar(100) DEFAULT NULL,
  `status` int DEFAULT NULL COMMENT '(0=> In review and 1=> Reviewed)',
  `is_send` int DEFAULT NULL,
  `remarks` text,
  `created_at` timestamp NULL DEFAULT CURRENT_TIMESTAMP,
  `updated_at` timestamp NULL DEFAULT CURRENT_TIMESTAMP ON UPDATE CURRENT_TIMESTAMP,
  PRIMARY KEY (`pet_report_id`),
  KEY `user_id` (`user_id`),
  CONSTRAINT `pet_report_ibfk_1` FOREIGN KEY (`user_id`) REFERENCES `mst_users` (`user_id`)
) ENGINE=InnoDB AUTO_INCREMENT=114 DEFAULT CHARSET=utf8mb4 COLLATE=utf8mb4_0900_ai_ci;
/*!40101 SET character_set_client = @saved_cs_client */;

--
-- Dumping data for table `pet_report`
--

LOCK TABLES `pet_report` WRITE;
/*!40000 ALTER TABLE `pet_report` DISABLE KEYS */;
INSERT INTO `pet_report` VALUES (1,1,'Dog',1,'Doberman','pdf_reports/pet_report_1_20231113174406.pdf','afsb','Changa hai ji',1,1,'ALL GOOD SIR jkbkjbkjbk','2023-10-19 14:00:24','2023-11-13 18:39:53'),(2,1,'Dog 1',2,'ABC','This is the updated report text.','gds',NULL,1,0,'ALL GOOD','2023-10-19 14:20:26','2023-11-08 20:20:42'),(3,1,'Duffy',2,'Bull Dog',NULL,'wRV9f2BPMnDtLgv5hvEDWA==',NULL,1,0,'ALL GOOD','2023-10-23 12:32:11','2023-11-10 12:32:53'),(4,1,'Duffy',2,'Bull Dog',NULL,'dog_images/1698089645846_maxresdefault.jpg',NULL,1,0,NULL,'2023-10-23 12:34:06','2023-10-23 20:59:00'),(5,1,'Duffy',2,'Bull Dog',NULL,'dog_images/1698095323759_maxresdefault.jpg',NULL,1,0,NULL,'2023-10-23 14:08:44','2023-10-23 21:19:24'),(6,1,'Duffy',2,'Bull Dog',NULL,'dog_images/1698095939175_maxresdefault.jpg',NULL,1,0,NULL,'2023-10-23 14:19:00','2023-10-23 14:19:00'),(7,1,'Duffy',2,'Bull Dog','pdf_reports/pet_report_7_20231110164003.pdf','dog_images/1698407286791_Rahul Goswami Resume.pdf',NULL,1,0,'ALL GOOD','2023-10-27 04:48:08','2023-11-10 16:40:03'),(8,1,'Duffy',2,'Bull Dog','pdf_reports/pet_report_8_20231110163827.pdf','dog_images/1698407566459_Rahul Goswami Resume.pdf',NULL,1,0,NULL,'2023-10-27 04:52:47','2023-11-10 16:38:28'),(9,47,'akdjka',12,'kajfk',NULL,'dog_images/1698439814645_WhatsApp Image 2023-10-27 at 09.49.28.jpeg',NULL,1,0,NULL,'2023-10-27 20:50:15','2023-10-27 20:50:15'),(10,47,'akdjka',12,'kajfk',NULL,'dog_images/1698439852924_WhatsApp Image 2023-10-27 at 09.49.28.jpeg',NULL,1,0,NULL,'2023-10-27 20:50:53','2023-10-27 20:50:53'),(11,1,'Duffy',2,'Bull Dog',NULL,'dog_images/1698440004538_WhatsApp Image 2023-10-27 at 09.49.28.jpeg',NULL,1,0,NULL,'2023-10-27 20:53:25','2023-10-27 20:53:25'),(12,1,'Duffy',2,'Bull Dog',NULL,'dog_images/1698440019859_WhatsApp Image 2023-10-27 at 09.49.28.jpeg',NULL,1,0,NULL,'2023-10-27 20:53:40','2023-10-27 20:53:40'),(13,1,'Duffy',2,'Bull Dog',NULL,'dog_images/1698440310450_Rahul Goswami Resume.pdf',NULL,1,0,NULL,'2023-10-27 13:58:31','2023-10-27 13:58:31'),(14,1,'Duffy',2,'Bull Dog',NULL,'dog_images/1698440404679_Rahul Goswami Resume.pdf',NULL,1,0,NULL,'2023-10-27 14:00:05','2023-10-27 14:00:05'),(15,1,'Duffy',2,'Bull Dog',NULL,'dog_images/1698440456578_Rahul Goswami Resume.pdf',NULL,1,0,NULL,'2023-10-27 14:00:57','2023-10-27 14:00:57'),(16,1,'Duffy',2,'Bull Dog',NULL,'dog_images/1698440877755_Rahul Goswami Resume.pdf',NULL,1,0,NULL,'2023-10-27 14:07:58','2023-10-27 14:07:58'),(17,1,'Duffy',2,'Bull Dog',NULL,'dog_images/1698441151895_Rahul Goswami Resume.pdf',NULL,1,0,NULL,'2023-10-27 14:12:32','2023-10-27 14:12:32'),(18,1,'Duffy',2,'Bull Dog',NULL,'dog_images/1698441431864_maxresdefault.jpg',NULL,1,0,NULL,'2023-10-27 14:17:12','2023-10-27 14:17:12'),(19,1,'Duffy',2,'Bull Dog',NULL,'dog_images/1698441698734_WhatsApp Image 2023-10-27 at 09.49.28.jpeg',NULL,1,0,NULL,'2023-10-27 21:21:39','2023-10-27 21:21:39'),(20,1,'Duffy',2,'Bull Dog',NULL,'dog_images/1698443575792_maxresdefault.jpg',NULL,1,0,NULL,'2023-10-27 14:52:57','2023-10-27 14:52:57'),(21,1,'Duffy',2,'Bull Dog',NULL,'dog_images/1698443863711_maxresdefault.jpg',NULL,1,0,NULL,'2023-10-27 14:57:45','2023-10-27 14:57:45'),(22,1,'Duffy',2,'Bull Dog',NULL,'dog_images/1698444376013_maxresdefault.jpg',NULL,1,0,NULL,'2023-10-27 15:06:16','2023-10-27 15:06:16'),(23,1,'Duffy',2,'Bull Dog',NULL,'dog_images/1698444434205_maxresdefault.jpg',NULL,1,0,NULL,'2023-10-27 15:07:15','2023-10-27 15:07:15'),(24,1,'Duffy',2,'Bull Dog',NULL,'dog_images/1698444530499_maxresdefault.jpg',NULL,1,0,NULL,'2023-10-27 15:08:51','2023-10-27 15:08:51'),(25,1,'Duffy',2,'Bull Dog','pdf_reports/pet_report_25_20231027221252.pdf','dog_images/1698444629312_maxresdefault.jpg',NULL,1,0,NULL,'2023-10-27 15:10:30','2023-10-27 22:12:54'),(26,1,'Duffy',2,'Bull Dog',NULL,'dog_images/1698444780108_maxresdefault.jpg',NULL,1,0,NULL,'2023-10-27 15:13:01','2023-10-27 15:13:01'),(27,1,'Duffy',2,'Bull Dog',NULL,'dog_images/1698444815876_maxresdefault.jpg',NULL,1,0,NULL,'2023-10-27 15:13:36','2023-10-27 15:13:36'),(28,1,'Duffy',2,'Bull Dog','pdf_reports/pet_report_28_20231027221448.pdf','1698444885611_maxresdefault.jpg',NULL,1,0,NULL,'2023-10-27 15:14:46','2023-10-27 22:14:50'),(29,1,'Duffy',2,'Bull Dog',NULL,'dog_images/1698445173615_maxresdefault.jpg',NULL,1,0,NULL,'2023-10-27 15:19:34','2023-10-27 15:19:34'),(30,1,'Duffy',2,'Bull Dog','pdf_reports/pet_report_30_20231027222032.pdf','dog_images/1698445229443_maxresdefault.jpg',NULL,1,0,NULL,'2023-10-27 15:20:30','2023-10-27 22:20:34'),(31,47,'akdjka',12,'kajfk',NULL,'dog_images/1698445683725_WhatsApp Image 2023-10-27 at 09.49.28.jpeg',NULL,1,0,NULL,'2023-10-27 22:28:05','2023-10-27 22:28:05'),(32,47,'akdjka',12,'kajfk',NULL,'dog_images/1698445889045_WhatsApp Image 2023-10-27 at 09.49.28.jpeg',NULL,1,0,NULL,'2023-10-27 22:31:29','2023-10-27 22:31:29'),(33,47,'akdjka',12,'kajfk',NULL,'dog_images/1698445975199_WhatsApp Image 2023-10-27 at 09.49.28.jpeg',NULL,1,0,NULL,'2023-10-27 22:32:55','2023-10-27 22:32:55'),(34,47,'tommy',12,'BullDog',NULL,'dog_images/1698446040691_Fungal_Image_1.jpg',NULL,1,0,NULL,'2023-10-27 22:34:01','2023-10-27 22:34:01'),(35,1,'Duffy',2,'Bull Dog','pdf_reports/pet_report_35_20231027223637.pdf','dog_images/1698446194049_WhatsApp Image 2023-10-27 at 09.49.28.jpeg',NULL,1,0,NULL,'2023-10-27 22:36:35','2023-10-27 22:36:38'),(36,1,'Tommy',2,'Bull Dog','pdf_reports/pet_report_36_20231027223923.pdf','dog_images/1698446288492_Fungal_Image_2.jpg',NULL,1,0,NULL,'2023-10-27 22:38:09','2023-10-27 22:39:23'),(37,49,'Casper',22,'Pom','pdf_reports/pet_report_37_20231027224538.pdf','dog_images/1698446699784_Fungal_Image_3.jpg',NULL,1,0,NULL,'2023-10-27 22:45:00','2023-10-27 22:45:38'),(38,47,'tommy',12,'BullDog','pdf_reports/pet_report_38_20231027230801.pdf','dog_images/1698448078959_Fungal_Image_1.jpg',NULL,1,0,NULL,'2023-10-27 23:07:59','2023-10-27 23:08:02'),(39,49,'Suyash',12,'bubu','pdf_reports/pet_report_39_20231027232702.pdf','dog_images/1698449218777_WhatsApp Image 2023-10-27 at 09.49.28.jpeg',NULL,1,0,NULL,'2023-10-27 23:26:59','2023-10-27 23:27:03'),(40,49,'Dog3',12,'Pom','pdf_reports/pet_report_40_20231027233910.pdf','dog_images/1698449947957_Hypersensitivity_image_4.jpg',NULL,1,0,NULL,'2023-10-27 23:39:08','2023-10-27 23:39:11'),(41,49,'Dog3',12,'Pom','pdf_reports/pet_report_41_20231027233917.pdf','dog_images/1698449954802_Hypersensitivity_image_4.jpg',NULL,1,0,NULL,'2023-10-27 23:39:15','2023-10-27 23:39:17'),(42,49,'Dog7',12,'BUll','pdf_reports/pet_report_42_20231030201534.pdf','dog_images/1698450250908_Hypersensitivity_image_5.jpg',NULL,1,0,NULL,'2023-10-27 23:44:11','2023-10-30 20:15:35'),(43,49,'Dog15',123,'Bull2','pdf_reports/pet_report_43_20231027234814.pdf','dog_images/1698450488913_Hypersensitivity_image_3.jpg',NULL,1,0,NULL,'2023-10-27 23:48:09','2023-10-27 23:48:15'),(44,49,'Dpg78',12,'shitzu',NULL,'dog_images/1698451125111_bacterialImage_2.png',NULL,1,0,NULL,'2023-10-27 23:58:45','2023-10-27 23:58:45'),(45,47,'dog55',234,'bullll','pdf_reports/pet_report_45_20231028000032.pdf','dog_images/1698451226687_Hypersensitivity_image_3.jpg',NULL,1,0,NULL,'2023-10-28 00:00:27','2023-10-28 00:00:32'),(46,50,'Jerry',12,'Indie','pdf_reports/pet_report_46_20231028000356.pdf','dog_images/1698451430335_Fungal_Image_2.jpg',NULL,1,1,NULL,'2023-10-28 00:03:51','2023-11-11 19:01:01'),(47,50,'TOM',13,'PitBull','pdf_reports/pet_report_47_20231028003456.pdf','dog_images/1698453290610_Healthy_Image_5.jpg',NULL,1,1,NULL,'2023-10-28 00:34:51','2023-11-11 20:03:45'),(48,50,'Tom2',13,'PitBUll2','pdf_reports/pet_report_48_20231028004855.pdf','dog_images/1698454129127_Healthy_Image_3.jpg',NULL,1,0,NULL,'2023-10-28 00:48:49','2023-10-28 00:48:55'),(49,1,'Duffy',2,'Bull Dog','pdf_reports/pet_report_49_20231028005151.pdf','dog_images/1698454307832_maxresdefault.jpg',NULL,1,0,NULL,'2023-10-27 17:51:49','2023-10-28 00:51:53'),(50,1,'Duffy',2,'Bull Dog','pdf_reports/pet_report_50_20231028005628.pdf','dog_images/1698454585077_maxresdefault.jpg',NULL,1,0,NULL,'2023-10-27 17:56:25','2023-10-28 00:56:30'),(51,1,'Duffy',2,'Bull Dog','pdf_reports/pet_report_51_20231028005950.pdf','dog_images/1698454787761_maxresdefault.jpg',NULL,1,0,NULL,'2023-10-27 17:59:48','2023-10-28 00:59:52'),(52,1,'Duffy',2,'Bull Dog','pdf_reports/pet_report_52_20231028010235.pdf','dog_images/1698454952066_maxresdefault.jpg',NULL,1,0,NULL,'2023-10-27 18:02:33','2023-10-28 01:02:37'),(53,1,'Duffy',2,'Bull Dog','pdf_reports/pet_report_53_20231028010605.pdf','dog_images/1698455161272_maxresdefault.jpg',NULL,1,0,NULL,'2023-10-27 18:06:02','2023-10-28 01:06:07'),(54,51,'Casper2',123,'Pom','pdf_reports/pet_report_54_20231028010854.pdf','dog_images/1698455328520_Fungal_Image_5.jpg',NULL,1,0,NULL,'2023-10-28 01:08:49','2023-10-28 01:08:54'),(55,1,'Duffy',2,'Bull Dog','pdf_reports/pet_report_55_20231028011159.pdf','dog_images/1698455515853_maxresdefault.jpg',NULL,1,0,NULL,'2023-10-27 18:11:57','2023-10-28 01:12:01'),(56,1,'Duffy',2,'Bull Dog','pdf_reports/pet_report_56_20231028011435.pdf','dog_images/1698455672186_maxresdefault.jpg',NULL,1,0,NULL,'2023-10-27 18:14:33','2023-10-28 01:14:37'),(57,1,'Duffy',2,'Bull Dog','pdf_reports/pet_report_57_20231028012038.pdf','dog_images/1698456035831_maxresdefault.jpg',NULL,1,0,NULL,'2023-10-27 18:20:36','2023-10-28 01:20:40'),(58,1,'Duffy',2,'Bull Dog','pdf_reports/pet_report_58_20231028012119.pdf','dog_images/1698456076962_maxresdefault.jpg',NULL,1,0,NULL,'2023-10-27 18:21:17','2023-10-28 01:21:21'),(59,1,'Duffy',2,'Bull Dog','pdf_reports/pet_report_59_20231028012337.pdf','dog_images/1698456214563_maxresdefault.jpg',NULL,1,0,NULL,'2023-10-27 18:23:35','2023-10-28 01:23:39'),(60,52,'LionellMessi',35,'Husky','pdf_reports/pet_report_60_20231028013841.pdf','dog_images/1698457115500_Hypersensitivity_image_1.jpg',NULL,1,0,NULL,'2023-10-28 01:38:36','2023-10-28 01:38:41'),(61,53,'Zoro',12,'Pitbull','pdf_reports/pet_report_61_20231028014515.pdf','dog_images/1698457509244_Fungal_Image_3.jpg',NULL,1,0,NULL,'2023-10-28 01:45:09','2023-10-28 01:45:15'),(62,54,'zoro2',12,'bull','pdf_reports/pet_report_62_20231028014844.pdf','dog_images/1698457718239_Fungal_Image_5.jpg',NULL,1,0,NULL,'2023-10-28 01:48:38','2023-10-28 01:48:44'),(63,1,'Duffy',2,'Bull Dog','pdf_reports/pet_report_63_20231028014905.pdf','dog_images/1698457741224_maxresdefault.jpg',NULL,1,0,NULL,'2023-10-27 18:49:02','2023-10-28 01:49:07'),(64,1,'Duffy',2,'Bull Dog','pdf_reports/pet_report_64_20231028015220.pdf','dog_images/1698457937364_maxresdefault.jpg',NULL,1,0,NULL,'2023-10-27 18:52:18','2023-10-28 01:52:22'),(65,56,'zoro3.0',12,'bull','pdf_reports/pet_report_65_20231028015534.pdf','dog_images/1698458128333_Fungal_Image_5.jpg',NULL,1,0,NULL,'2023-10-28 01:55:28','2023-10-28 01:55:34'),(66,1,'Duffy',2,'Bull Dog','pdf_reports/pet_report_66_20231028015656.pdf','dog_images/1698458213354_maxresdefault.jpg',NULL,1,0,NULL,'2023-10-27 18:56:54','2023-10-28 01:56:58'),(67,1,'Duffy',2,'Bull Dog','pdf_reports/pet_report_67_20231028015902.pdf','dog_images/1698458339686_maxresdefault.jpg',NULL,1,0,NULL,'2023-10-27 18:59:00','2023-10-28 01:59:04'),(68,1,'Duffy',2,'Bull Dog','pdf_reports/pet_report_68_20231028020001.pdf','dog_images/1698458398090_maxresdefault.jpg',NULL,1,0,NULL,'2023-10-27 18:59:58','2023-10-28 02:00:04'),(69,1,'Duffy',2,'Bull Dog','pdf_reports/pet_report_69_20231028020024.pdf','dog_images/1698458421517_maxresdefault.jpg',NULL,1,0,NULL,'2023-10-27 19:00:22','2023-10-28 02:00:26'),(70,1,'Duffy',2,'Bull Dog','pdf_reports/pet_report_70_20231028020812.pdf','dog_images/1698458889937_maxresdefault.jpg',NULL,1,0,NULL,'2023-10-27 19:08:10','2023-10-28 02:08:14'),(71,1,'Duffy',2,'Bull Dog','pdf_reports/pet_report_71_20231111233854.pdf','dog_images/1698460021575_dog image.jpg',NULL,1,0,'Changa hai ji','2023-10-27 19:27:02','2023-11-11 23:38:55'),(72,50,'zrooooo',1212,'pom','pdf_reports/pet_report_72_20231028025932.pdf','dog_images/1698461964607_Fungal_Image_4.jpg',NULL,1,0,NULL,'2023-10-28 02:59:25','2023-10-28 02:59:32'),(73,1,'Duffy',2,'Bull Dog','pdf_reports/pet_report_73_20231111152258.pdf','dog_images/1698758533702_dog image.jpg',NULL,1,0,NULL,'2023-10-31 06:22:15','2023-11-11 15:22:58'),(74,1,'Duffy',2,'Bull Dog','pdf_reports/pet_report_74_20231031145914.pdf','dog_images/1698764351041_dog image.jpg',NULL,1,0,NULL,'2023-10-31 14:59:11','2023-10-31 14:59:14'),(75,50,'tomm',123,'pittt',NULL,'dog_images/1698764698137_bacterialImage_2.png',NULL,1,1,NULL,'2023-10-31 15:04:58','2023-11-11 20:03:50'),(76,59,'liaa',13,'shitzu','pdf_reports/pet_report_76_20231031150750.pdf','dog_images/1698764862356_Healthy_Image_2.jpg',NULL,1,0,NULL,'2023-10-31 15:07:42','2023-10-31 15:07:50'),(77,50,'livia',14,'cheems','pdf_reports/pet_report_77_20231031150853.pdf','dog_images/1698764926470_Fungal_Image_4.jpg',NULL,1,0,NULL,'2023-10-31 15:08:47','2023-10-31 15:08:54'),(78,50,'doggoo2.0',11,'pom','pdf_reports/pet_report_78_20231031151211.pdf','dog_images/1698765122263_Dal_logo.png',NULL,1,0,NULL,'2023-10-31 15:12:02','2023-10-31 15:12:11'),(79,60,'toomm',12,'pom','pdf_reports/pet_report_79_20231031154538.pdf','dog_images/1698767129344_Fungal_Image_1.jpg',NULL,1,0,NULL,'2023-10-31 15:45:30','2023-10-31 15:45:39'),(80,50,'peterParker',23,'Golder Retriever','pdf_reports/pet_report_80_20231101042212.pdf','dog_images/1698812524446_Hypersensitivity_image_5.jpg',NULL,1,0,NULL,'2023-11-01 04:22:05','2023-11-01 04:22:12'),(81,1,'Duffy',2,'Bull Dog',NULL,'dog_images/1699328465779_dog image.jpg',NULL,1,0,NULL,'2023-11-06 19:41:07','2023-11-06 19:41:07'),(82,1,'Duffy',2,'Bull Dog',NULL,'dog_images/1699328528891_dog image.jpg',NULL,1,0,NULL,'2023-11-06 19:42:10','2023-11-06 19:42:10'),(83,1,'Duffy',2,'Bull Dog',NULL,'dog_images/1699366412921_dog image.jpg',NULL,1,NULL,NULL,'2023-11-07 06:13:33','2023-11-07 06:13:33'),(84,1,'Duffy',2,'Bull Dog',NULL,'dog_images/1699366481798_dog image.jpg',NULL,1,NULL,NULL,'2023-11-07 06:14:42','2023-11-07 06:14:42'),(85,1,'Duffy',2,'Bull Dog',NULL,'dog_images/1699366789835_dog image.jpg',NULL,1,NULL,NULL,'2023-11-07 06:19:50','2023-11-07 06:19:50'),(86,1,'Duffy',2,'Bull Dog',NULL,'dog_images/1699366957857_dog image.jpg',NULL,1,NULL,NULL,'2023-11-07 06:22:39','2023-11-07 06:22:39'),(87,1,'Duffy',2,'Bull Dog','pdf_reports/pet_report_87_20231112000901.pdf','dog_images/1699367270844_dog image.jpg',NULL,1,NULL,'Changa hai ji','2023-11-07 06:27:52','2023-11-12 00:09:01'),(88,62,'Bunty',7,'Doberman',NULL,'dog_images/1699638006068_Healthy_Image_5.jpg',NULL,1,NULL,NULL,'2023-11-10 17:40:07','2023-11-10 17:40:07'),(89,62,'johnnyy',12,'desi',NULL,'dog_images/1699638424710_MicrosoftTeams-image.png',NULL,1,NULL,NULL,'2023-11-10 17:47:05','2023-11-10 17:47:05'),(90,62,'superman',1,'cheemz',NULL,'dog_images/1699638840405_DalImage@.png',NULL,1,NULL,NULL,'2023-11-10 17:54:01','2023-11-10 17:54:01'),(91,62,'sudo',11,'diggoo',NULL,'dog_images/1699638957127_Healthy_Image_4.jpg',NULL,1,NULL,NULL,'2023-11-10 17:55:58','2023-11-10 17:55:58'),(92,50,'testing',11,'John',NULL,'dog_images/1699720777042_uc?id=19f1nINO9e-EB4uew49o5i0sZRqNeZqQ-',NULL,1,NULL,NULL,'2023-11-11 16:39:38','2023-11-11 16:39:38'),(93,50,'test2',11,'dajkank','pdf_reports/pet_report_93_20231111164017.pdf','dog_images/1699720809439_Fungal_Image_1.jpg',NULL,1,NULL,NULL,'2023-11-11 16:40:10','2023-11-11 16:40:17'),(94,50,'gurdeep',11,'asasa',NULL,'dog_images/1699721095206_uc?id=19f1nINO9e-EB4uew49o5i0sZRqNeZqQ-',NULL,1,NULL,NULL,'2023-11-11 16:44:55','2023-11-11 16:44:55'),(95,50,'John',11,'hfjsjfs',NULL,'dog_images/1699722832093_uc?id=19f1nINO9e-EB4uew49o5i0sZRqNeZqQ-',NULL,1,NULL,NULL,'2023-11-11 17:13:52','2023-11-11 17:13:52'),(96,50,'dajkj',11,'kjadksa','pdf_reports/pet_report_96_20231111171446.pdf','dog_images/1699722878642_Hypersensitivity_image_2.jpg',NULL,1,NULL,NULL,'2023-11-11 17:14:39','2023-11-11 17:14:46'),(97,50,'ajd',11,'qhkjq',NULL,'dog_images/1699722909750_uc?id=19f1nINO9e-EB4uew49o5i0sZRqNeZqQ-',NULL,1,NULL,NULL,'2023-11-11 17:15:10','2023-11-11 17:15:10'),(98,50,'qdhjd',11,'ajdhkah',NULL,'dog_images/1699723085618_uc?id=19f1nINO9e-EB4uew49o5i0sZRqNeZqQ-',NULL,1,NULL,NULL,'2023-11-11 17:18:06','2023-11-11 17:18:06'),(99,50,'2121',12112,'12',NULL,'dog_images/1699723348316_uc?id=19f1nINO9e-EB4uew49o5i0sZRqNeZqQ-',NULL,1,NULL,NULL,'2023-11-11 17:22:28','2023-11-11 17:22:28'),(100,50,'jkash',11,'kjadk','pdf_reports/pet_report_100_20231111172856.pdf','dog_images/1699723728939_downloaded_image',NULL,1,NULL,NULL,'2023-11-11 17:28:49','2023-11-11 17:28:56'),(101,50,'tirth',22,'Bharatia',NULL,'dog_images/1699723973423_downloaded_image',NULL,1,NULL,NULL,'2023-11-11 17:32:54','2023-11-11 17:32:54'),(102,50,'wrhj',11,'jhdqkhdkq',NULL,'dog_images/1699724064745_downloaded_image',NULL,1,NULL,NULL,'2023-11-11 17:34:25','2023-11-11 17:34:25'),(103,50,'Manthan',21,'Ramani','pdf_reports/pet_report_103_20231111173540.pdf','dog_images/1699724132954_downloaded_image',NULL,1,1,NULL,'2023-11-11 17:35:33','2023-11-13 17:14:37'),(104,50,'sfkjshk',12,'ksjfnkjf','pdf_reports/pet_report_104_20231111200729.pdf','dog_images/1699733242176_downloaded_image',NULL,NULL,NULL,NULL,'2023-11-11 20:07:22','2023-11-11 20:07:29'),(105,50,'ajx',11,'ahcvj','pdf_reports/pet_report_105_20231111200926.pdf','dog_images/1699733359195_downloaded_image',NULL,NULL,NULL,NULL,'2023-11-11 20:09:19','2023-11-11 20:09:27'),(106,50,'cnsldknka',11,'slkfnlf','pdf_reports/pet_report_106_20231111201347.pdf','dog_images/1699733619512_downloaded_image',NULL,NULL,NULL,NULL,'2023-11-11 20:13:40','2023-11-11 20:13:47'),(107,50,'skfbk',11,'kwnfdkq','pdf_reports/pet_report_107_20231111201610.pdf','dog_images/1699733763087_downloaded_image',NULL,NULL,NULL,NULL,'2023-11-11 20:16:03','2023-11-11 20:16:10'),(108,65,'John',121,'pom','pdf_reports/pet_report_108_20231113180659.pdf','dog_images/1699898187097_downloaded_image (2).jpg',NULL,NULL,1,'Rahul Goswami here ','2023-11-13 17:56:27','2023-11-13 18:07:00'),(109,50,'test123',11,'golden','pdf_reports/pet_report_109_20231113215148.pdf','dog_images/1699912240688_downloaded_image (5).jpg',NULL,NULL,1,'The Ai has predicted the disease correctly','2023-11-13 21:50:41','2023-11-13 21:51:48'),(110,50,'has',11,'dmas,dn','pdf_reports/pet_report_110_20231113215449.pdf','dog_images/1699912481393_downloaded_image',NULL,NULL,NULL,NULL,'2023-11-13 21:54:42','2023-11-13 21:54:49'),(111,67,'peggy',11,'golden','pdf_reports/pet_report_111_20231113220928.pdf','dog_images/1699913232293_downloaded_image',NULL,NULL,1,'The Remarks generated by AI are Correct ','2023-11-13 22:07:12','2023-11-13 22:09:28'),(112,67,'sjgh',76172,'sufisui','pdf_reports/pet_report_112_20231113221101.pdf','dog_images/1699913453819_Fungal_Image_5.jpg',NULL,NULL,NULL,NULL,'2023-11-13 22:10:54','2023-11-13 22:11:01'),(113,68,'taims',11,'ogilvie','pdf_reports/pet_report_113_20231114002518.pdf','dog_images/1699921435872_downloaded_image',NULL,NULL,1,'jskfhjksfkafhksah jai shri ram','2023-11-14 00:23:56','2023-11-14 00:25:18');
/*!40000 ALTER TABLE `pet_report` ENABLE KEYS */;
UNLOCK TABLES;

--
-- Table structure for table `prescriptions`
--

DROP TABLE IF EXISTS `prescriptions`;
/*!40101 SET @saved_cs_client     = @@character_set_client */;
/*!50503 SET character_set_client = utf8mb4 */;

CREATE TABLE `prescriptions` (
  `prescription_id` int NOT NULL AUTO_INCREMENT,
  `user_id` int NOT NULL,
  `disease_id` int NOT NULL,
  `name` varchar(255) DEFAULT NULL,
  `created_at` timestamp NULL DEFAULT CURRENT_TIMESTAMP,
  `updated_at` timestamp NULL DEFAULT CURRENT_TIMESTAMP ON UPDATE CURRENT_TIMESTAMP,
  `deleted_at` timestamp NULL DEFAULT NULL,
  PRIMARY KEY (`prescription_id`),
  KEY `prescriptions_ibfk_2` (`user_id`),
  KEY `prescriptions_ibfk_1` (`disease_id`),
  CONSTRAINT `prescriptions_ibfk_1` FOREIGN KEY (`disease_id`) REFERENCES `disease` (`disease_id`) ON DELETE CASCADE ON UPDATE CASCADE,
  CONSTRAINT `prescriptions_ibfk_2` FOREIGN KEY (`user_id`) REFERENCES `mst_users` (`user_id`) ON DELETE CASCADE ON UPDATE CASCADE
) ENGINE=InnoDB AUTO_INCREMENT=9 DEFAULT CHARSET=utf8mb4 COLLATE=utf8mb4_0900_ai_ci;

/*!40101 SET character_set_client = @saved_cs_client */;

--
-- Dumping data for table `prescriptions`
--

LOCK TABLES `prescriptions` WRITE;
/*!40000 ALTER TABLE `prescriptions` DISABLE KEYS */;
INSERT INTO `prescriptions` VALUES (1,3,11,'Healthy','2023-10-22 20:26:54',NULL,NULL),(3,2,11,'dry skin','2023-10-22 23:07:22','2023-10-23 00:08:14',NULL),(4,35,11,'healthy skin','2023-10-22 23:11:30','2023-10-22 23:11:30',NULL);
/*!40000 ALTER TABLE `prescriptions` ENABLE KEYS */;
UNLOCK TABLES;
SET @@SESSION.SQL_LOG_BIN = @MYSQLDUMP_TEMP_LOG_BIN;
/*!40103 SET TIME_ZONE=@OLD_TIME_ZONE */;

/*!40101 SET SQL_MODE=@OLD_SQL_MODE */;
/*!40014 SET FOREIGN_KEY_CHECKS=@OLD_FOREIGN_KEY_CHECKS */;
/*!40014 SET UNIQUE_CHECKS=@OLD_UNIQUE_CHECKS */;
/*!40101 SET CHARACTER_SET_CLIENT=@OLD_CHARACTER_SET_CLIENT */;
/*!40101 SET CHARACTER_SET_RESULTS=@OLD_CHARACTER_SET_RESULTS */;
/*!40101 SET COLLATION_CONNECTION=@OLD_COLLATION_CONNECTION */;
/*!40111 SET SQL_NOTES=@OLD_SQL_NOTES */;

-- Dump completed on 2023-11-15 23:00:28
